distMark,water,crop,urban,year
0,9.999974051,0.250000000,42.999811783,2013
1,9.499957488,0.250000000,37.249852774,2013
2,9.999974051,0.250000000,36.499814772,2013
3,9.999974051,0.250000000,35.499929505,2013
4,10.999974123,0.250000000,35.499912941,2013
5,10.999974203,0.250000000,36.499815838,2013
6,10.500031395,0.250000000,38.749906396,2013
7,10.250007385,0.250000000,40.749809297,2013
8,9.249972243,0.250000000,42.499939327,2013
9,8.500005211,0.000000000,41.500006597,2013
10,8.750005082,0.000000000,39.499964702,2013
11,8.750021731,0.000000000,37.499921850,2013
12,9.250005027,0.000000000,33.749907480,2013
13,9.500005062,0.000000000,30.250001044,2013
14,10.250021633,0.000000000,26.750003839,2013
15,10.250005041,0.000000000,24.750039681,2013
16,10.500005107,0.000000000,22.499987277,2013
17,11.000021506,0.000000000,21.000010540,2013
18,11.250005033,0.000000000,20.750210057,2013
19,11.749993548,0.000000000,19.250264822,2013
20,12.000005094,0.000000000,15.501047335,2013
21,11.750033292,0.250000000,13.249991292,2013
22,12.250033151,0.500000000,13.750068182,2013
23,12.250033185,0.500000000,14.750016232,2013
24,12.250044743,0.500000000,15.750016029,2013
25,12.500028078,0.250000000,15.750016029,2013
26,12.000028001,0.750000000,15.750016029,2013
27,12.250011312,2.999933300,15.750016029,2013
28,12.000027793,5.249946011,15.750016029,2013
29,12.000011121,8.749923322,15.750016029,2013
30,12.500016334,11.999900031,15.500016028,2013
31,12.250016506,17.000346087,15.250016078,2013
32,12.250011206,21.749955279,13.000039895,2013
33,12.000004819,27.499950340,10.999987732,2013
34,12.499988355,31.749995541,8.499987672,2013
35,14.999850285,33.749873759,5.999987637,2013
36,17.250049760,32.999851962,4.249988486,2013
37,17.500050311,29.999942241,4.749924752,2013
38,17.250092005,25.999970183,7.249946790,2013
39,16.750091975,22.249997177,9.750074366,2013
40,15.750091951,19.000072468,11.750097370,2013
41,15.000080454,19.000074168,12.750074392,2013
42,15.000080382,24.249941651,12.750074392,2013
43,15.250080348,27.749951633,12.750074392,2013
44,17.000102374,34.999909857,12.750074392,2013
45,18.250019600,43.499935330,12.750074392,2013
46,18.250019470,55.000024610,12.750074392,2013
47,18.250019613,67.250136045,10.000102323,2013
48,15.249962728,76.500241102,6.750097355,2013
49,12.500031283,80.249995352,4.750056782,2013
50,12.500042907,84.751231040,3.500027897,2013
51,12.500076448,86.750610557,3.750028027,2013
52,13.000076451,85.000004973,4.500016489,2013
53,13.750009493,81.749911608,5.250016522,2013
54,14.750025194,77.999880727,6.500000034,2013
55,15.499973400,76.000148776,6.499961359,2013
56,14.499978235,75.500058711,7.249933147,2013
57,13.249978172,72.750338144,7.499949877,2013
58,13.749966778,71.750079768,6.499878185,2013
59,13.499978310,71.999887182,4.499878105,2013
60,15.000090808,69.749671537,2.499983294,2013
61,15.750294869,69.749618997,1.250000040,2013
62,17.250508433,65.499588434,1.250000040,2013
63,19.000462637,62.999445499,1.250000040,2013
64,20.750336669,58.749439102,1.250000040,2013
65,21.250291467,55.499563295,1.250000040,2013
66,21.250313784,52.000135340,1.250000040,2013
67,21.000363827,54.500345857,1.250000040,2013
68,20.250380091,55.999673455,1.250000040,2013
69,20.250402710,61.749572262,0.749983208,2013
70,20.000363836,66.749602688,0.500000015,2013
71,19.750430950,75.000640325,0.500000015,2013
72,21.000375320,79.499230813,0.500000015,2013
73,23.000397624,83.749644009,0.500000015,2013
74,25.000568073,83.999218840,0.500000015,2013
75,25.250293653,83.999537012,0.500000015,2013
76,25.250220651,85.249072664,0.750000015,2013
77,24.250052690,85.499331336,1.749972784,2013
78,23.499634710,86.249534207,1.999901092,2013
79,22.749573124,84.249911669,1.999901077,2013
80,22.499511955,82.499579504,1.749901077,2013
81,22.249523612,82.250195660,1.999901077,2013
82,23.249503587,82.500785654,2.249901078,2013
83,23.499446678,84.000762849,3.499901215,2013
84,23.749386257,82.500313180,5.249939822,2013
85,24.249397920,78.000692892,6.249924135,2013
86,23.999380252,76.250304750,6.999912616,2013
87,22.749284284,75.750265325,8.999907436,2013
88,21.749546240,76.000519496,11.749840642,2013
89,20.499769883,72.250682971,14.249748853,2013
90,19.500073589,69.750560184,17.749580215,2013
91,18.500038032,67.501226244,19.249441658,2013
92,17.250153859,62.751173452,19.249441658,2013
93,16.000159816,57.751039612,19.249441661,2013
94,15.500209018,54.000879068,19.249441661,2013
95,14.500219578,50.001135745,19.249441661,2013
96,15.750214541,49.000815115,19.249441606,2013
97,16.750329093,53.000994909,19.249441392,2013
98,16.500398165,59.250343660,19.249403128,2013
99,16.750302011,65.500273390,18.499579884,2013
100,16.250357336,72.499901975,15.249399874,2013
101,15.749775657,78.250681936,12.249773721,2013
102,15.249925299,82.250983728,11.000014460,2013
103,15.000040248,87.250706073,8.750095095,2013
104,15.250109437,90.000252866,7.000106606,2013
105,16.000138177,92.750158805,6.500106606,2013
106,15.750017041,98.500228378,6.250106603,2013
107,14.999921480,101.750221231,5.750106601,2013
108,14.750004985,106.250184617,5.750106601,2013
109,15.250005198,108.500812691,5.250100226,2013
110,14.499948118,114.000443918,3.250028247,2013
111,14.999959561,115.499585355,1.750028243,2013
112,15.500032477,118.249928469,1.750028243,2013
113,15.250038651,119.750416297,1.750028243,2013
114,15.000010554,119.500730507,1.750028243,2013
115,15.250038752,120.499341362,0.750016719,2013
116,15.000038927,120.999927192,0.000000000,2013
117,15.250050425,122.250579985,0.000000000,2013
118,14.750050539,119.249158992,0.000000000,2013
119,14.500050527,118.249759549,0.000000000,2013
120,14.250078736,118.250574831,0.000000000,2013
121,13.750050424,115.500596505,0.500000001,2013
122,13.749965049,114.249242673,0.500000001,2013
123,13.249867340,114.250030915,0.500000001,2013
124,13.499690547,111.999899534,0.500000001,2013
125,12.499672902,114.250673553,0.500000001,2013
126,11.749638971,113.500339352,0.500000001,2013
127,11.499713762,114.500366149,0.500000001,2013
128,10.999633946,113.000124666,0.500000001,2013
129,10.999605302,111.249917477,0.500000001,2013
130,10.499610659,107.501078366,0.500000001,2013
131,10.749639286,103.749352643,0.500000001,2013
132,11.499507486,98.499173275,0.500000001,2013
133,11.999444045,94.749472975,0.500000001,2013
134,12.749593153,90.749019941,0.250000000,2013
135,13.749701748,88.499951273,0.000000000,2013
136,14.499793407,83.499912274,0.250000000,2013
137,15.249788056,80.500880534,2.249999955,2013
138,16.249771286,77.501096169,6.999921053,2013
139,17.499656168,73.000867340,11.499829336,2013
140,18.999369646,67.500678878,17.499726138,2013
141,20.749581728,61.500260367,23.249772722,2013
142,21.999650187,54.250366207,30.750111934,2013
143,22.249530476,45.250361536,39.249675322,2013
144,22.749713719,41.499772672,47.499806256,2013
145,22.499794065,37.750304159,55.499676117,2013
146,20.999708251,35.250454072,60.999800683,2013
147,20.749793817,34.500122795,64.499691563,2013
148,20.249828389,32.999523825,65.749412948,2013
149,20.249872644,31.749894328,68.499533646,2013
150,21.999701006,32.500031347,68.749623308,2013
151,22.249931486,32.249929715,66.999789020,2013
152,23.000102611,32.249775517,66.750166089,2013
153,22.999988690,31.999770155,67.750153281,2013
154,21.999954006,29.749809371,63.500531968,2013
155,19.750078251,31.499855311,58.000141743,2013
156,18.250357190,36.249825728,50.750210189,2013
157,17.500529326,44.749883045,44.500290326,2013
158,18.000540282,54.249458445,35.000239243,2013
159,17.501136793,66.249442104,26.250216022,2013
160,17.505029049,77.249683428,18.250405096,2013
161,17.754934211,83.999905452,13.250113098,2013
162,18.004961985,90.749541590,8.000073142,2013
163,17.505006311,96.250305038,5.250055508,2013
164,18.255011492,100.749710039,3.999903966,2013
165,18.754937749,99.500072654,2.749904045,2013
166,19.254950389,103.500047753,2.249904044,2013
167,19.503638381,104.750025118,2.249904044,2013
168,19.501041019,105.250296470,2.249904044,2013
169,20.000383079,102.749773842,2.249904044,2013
170,20.250266066,103.250179698,2.249904044,2013
171,19.999992795,102.251218218,2.249904044,2013
172,19.999931746,103.500059515,2.499904044,2013
173,19.749965395,102.499760286,2.999904000,2013
174,20.250015961,102.749973097,3.249943272,2013
175,20.749932137,102.750235487,4.999892186,2013
176,19.999972649,98.999881692,7.249994397,2013
177,19.749892937,98.749538347,9.000085242,2013
178,17.749893179,98.499593070,9.000085242,2013
179,15.249790796,100.249786585,11.000062728,2013
180,13.499836110,102.249752890,12.000079840,2013
181,12.249875948,103.999757353,12.500051544,2013
182,11.499989266,106.249921039,12.750034514,2013
183,11.500301262,107.250324391,12.750034514,2013
184,11.250511712,108.499806785,12.750034514,2013
185,11.250437640,108.500336060,12.750034514,2013
186,11.500477393,111.499848263,11.500062847,2013
187,10.500460233,115.749592293,8.750062969,2013
188,9.500426012,120.749812636,6.250040231,2013
189,9.000426338,122.749769066,5.499972035,2013
190,9.250556870,123.500925917,4.749949324,2013
191,9.750607989,123.250195235,4.499949323,2013
192,9.500591115,121.750205528,4.499949323,2013
193,9.750250123,122.000588154,4.749937542,2013
194,9.750090936,119.249070006,7.999999565,2013
195,10.249982951,116.249827761,9.499994297,2013
196,10.499886483,115.249801055,9.250005671,2013
197,11.249960297,112.249522646,9.500005615,2013
198,11.749983025,113.999789288,9.250005713,2013
199,12.499960251,113.750752686,8.750005620,2013
200,13.500016941,115.249803601,8.500005620,2013
201,14.250016918,113.250052906,8.500005620,2013
202,15.500011396,110.500165827,8.500005620,2013
203,16.499977432,109.500842060,8.500005620,2013
204,17.000005753,111.250235642,8.500005620,2013
205,16.500016861,113.499888345,7.500005630,2013
206,16.500016861,118.250024317,4.750005734,2013
207,16.749948815,122.000252512,2.000000002,2013
208,17.499948865,124.000243431,0.000000000,2013
209,17.499999957,122.999820164,1.250011285,2013
210,17.249977247,121.249407410,1.250011285,2013
211,17.249920522,120.750363484,1.250011285,2013
212,17.499937551,118.999656925,1.250011285,2013
213,18.499925738,118.749656424,1.250011285,2013
214,19.499840228,116.499733387,1.250011285,2013
215,20.499891434,116.749965915,1.250011285,2013
216,20.749891493,116.749914445,1.250011285,2013
217,19.749817943,116.749717128,1.250011285,2013
218,19.499806580,116.000121025,1.250011285,2013
219,19.999806706,117.750386855,1.250011285,2013
220,20.999801164,116.000582983,1.250011285,2013
221,22.249801689,117.500417585,1.000000025,2013
222,22.749801171,117.500341267,0.000000000,2013
223,23.499801173,118.500052534,0.000000000,2013
224,24.499874814,118.250102326,0.000000000,2013
225,27.499780031,114.250211253,0.000000000,2013
226,30.999949539,108.250085562,0.250000000,2013
227,31.750006661,102.750206525,0.750000001,2013
228,30.500138091,97.250120829,4.749948712,2013
229,28.750137960,93.249873264,8.999988372,2013
230,26.500104423,86.749999909,13.749999443,2013
231,24.250104417,83.750109720,17.250081331,2013
232,22.750104413,81.250144542,17.999935587,2013
233,21.750104503,75.500102183,17.749941523,2013
234,21.750132860,79.249786376,15.249890164,2013
235,24.000115575,80.249897316,13.499890069,2013
236,25.500242072,77.250115674,13.249890069,2013
237,26.000173620,76.500477698,13.249890069,2013
238,28.000146064,75.501066808,12.999985571,2013
239,30.000202539,77.500252582,11.500052611,2013
240,30.000010368,80.000554279,8.749994916,2013
241,27.249790919,83.500282008,5.499994911,2013
242,25.749757349,85.000185837,2.750000012,2013
243,21.499718073,93.000258896,2.000000011,2013
244,20.499681954,96.500577216,1.750000011,2013
245,21.249732188,94.750339050,1.500000011,2013
246,23.750131045,92.750642585,0.750000039,2013
247,27.000479879,89.749359276,0.250000000,2013
248,28.000870983,88.500243878,0.000000000,2013
249,28.499468344,89.499413096,0.250000000,2013
250,27.249428158,90.498864316,0.250000000,2013
251,26.999399932,91.998998739,0.250000000,2013
252,27.249517616,92.248483062,0.250000000,2013
253,26.999680163,94.498043172,0.250000000,2013
254,24.749860356,97.748274529,0.000000000,2013
255,24.499883130,100.748853928,0.000000000,2013
256,24.249916281,100.248877287,0.000000000,2013
257,24.750862465,100.998737534,0.000000000,2013
258,25.500146537,102.249235119,0.250000000,2013
259,23.500269552,103.750232983,1.250006000,2013
260,22.250011380,105.750049582,1.250006000,2013
261,21.249915629,109.000246292,1.250006000,2013
262,19.249815160,108.250466413,1.250006000,2013
263,17.249820422,111.499975474,1.250006000,2013
264,18.249878085,110.499977295,1.250006000,2013
265,18.749832017,104.249956182,1.250006000,2013
266,19.749820492,99.250120467,1.250006000,2013
267,21.499803663,92.999755704,1.250006000,2013
268,23.249837250,89.250098354,1.250006000,2013
269,25.499921651,87.000434597,1.250006000,2013
270,27.999982816,83.500800229,1.250006000,2013
271,25.500011163,89.500717159,1.250006000,2013
272,25.249994028,96.500576230,1.250006000,2013
273,23.749965767,102.500536803,0.999977630,2013
274,20.999977350,108.000306633,0.000000000,2013
275,20.250161741,106.501358829,0.000000000,2013
276,19.750100037,105.251506754,0.000000000,2013
277,20.000173505,104.750840626,0.000000000,2013
278,20.250285692,99.750354276,0.000000000,2013
279,24.000139809,94.000079865,0.000000000,2013
280,26.499529160,87.749946006,0.000000000,2013
281,24.999572994,80.999922983,0.000000000,2013
282,24.999540460,77.250332755,0.000000000,2013
283,22.999372186,77.500316735,0.000000000,2013
284,22.749366794,73.250177411,0.000000000,2013
285,22.499361459,72.250354052,0.000000000,2013
286,21.999338837,73.000360777,0.000000000,2013
287,20.249333032,74.250358206,0.000000000,2013
288,18.749091027,77.000261463,0.000000000,2013
289,16.999199622,81.999907251,0.000000000,2013
290,15.999270018,87.499388754,0.000000000,2013
291,16.496263707,90.749810347,0.000000000,2013
292,16.245082258,93.750183604,0.000000000,2013
293,17.741777949,94.500256053,0.000000000,2013
294,18.741857732,96.249592561,0.000000000,2013
295,18.491783795,100.249956704,0.500000001,2013
296,16.241789141,101.499536349,3.499932055,2013
297,15.991806347,100.999372975,7.249836570,2013
298,16.241800376,96.250281854,11.999796569,2013
299,17.743667237,93.249857808,15.999830134,2013
300,17.496393361,91.249510364,16.499874939,2013
301,17.998826207,91.750088976,16.499874939,2013
302,17.749114335,91.000146349,16.499874939,2013
303,18.499419159,88.250250850,16.499874939,2013
304,19.749553258,88.750381397,15.499886570,2013
305,20.749840906,89.250342774,13.999834626,2013
306,21.749898549,93.000235615,10.750016588,2013
307,21.749937750,97.500716749,5.999921130,2013
308,19.999828887,101.750890313,1.999910103,2013
309,19.999948585,107.000471361,0.000000000,2013
310,18.499920888,106.250538786,0.000000000,2013
311,18.499926257,104.500311582,0.000000000,2013
312,20.750128264,98.500318550,0.000000000,2013
313,23.499949990,95.749844312,0.000000000,2013
314,24.499840358,94.750768017,0.000000000,2013
315,23.499860341,93.750937466,0.000000000,2013
316,22.249980712,94.000714116,0.000000000,2013
317,21.499747939,97.750823619,0.000000000,2013
318,19.999855404,97.500506083,0.000000000,2013
319,18.999918919,100.000625155,0.000000000,2013
320,17.999890328,100.750781772,0.000000000,2013
321,16.749936743,100.500782863,0.000000000,2013
322,16.499892019,99.750769592,0.000000000,2013
323,14.999884779,98.000577386,0.000000000,2013
324,14.749931161,101.500769111,0.000000000,2013
325,11.500017041,105.250521544,0.000000000,2013
326,11.250005795,110.000222730,0.500000001,2013
327,11.750017133,111.750074054,0.500000001,2013
328,11.749767107,109.500038890,0.500000001,2013
329,12.499895206,108.250200501,0.500000001,2013
330,13.249976367,109.749257235,0.500000001,2013
331,14.000045725,112.249976129,0.500000001,2013
332,15.500096880,112.000514390,0.500000001,2013
333,16.750097003,110.000339663,0.500000001,2013
334,20.250092907,103.750389342,0.750000002,2013
335,20.500111567,98.749921563,1.000000002,2013
336,20.000070879,93.250002755,1.499999958,2013
337,20.250064682,89.250125351,1.499999958,2013
338,23.000075670,80.750187337,1.499999958,2013
339,28.999809665,72.750140101,1.499999958,2013
340,34.749937783,64.750036768,1.750017301,2013
341,35.499833433,57.750123369,2.249988889,2013
342,32.999811159,55.250328347,2.249988889,2013
343,24.500180644,59.250279179,2.249988889,2013
344,20.000045315,66.500123864,2.249988889,2013
345,18.999952770,73.750575689,2.249988889,2013
346,20.250024308,77.250209704,2.000000004,2013
347,22.750174226,81.000218181,0.750000002,2013
348,23.500174251,83.749847981,0.000000000,2013
349,20.000186320,90.499833335,0.000000000,2013
350,19.750170400,95.249842596,0.000000000,2013
351,25.499792940,89.499880415,0.000000000,2013
352,28.999557908,82.249759997,0.000000000,2013
353,29.749518403,78.749596262,0.000000000,2013
354,27.749672828,79.249557023,0.000000000,2013
355,26.000173101,82.499218716,0.000000000,2013
356,26.250114927,82.499483496,0.000000000,2013
357,26.000155867,78.749678839,0.000000000,2013
358,26.749839714,74.249825261,0.749999991,2013
359,26.250127218,70.249622719,0.999999899,2013
360,24.000006523,67.499878001,0.999999899,2013
361,26.000031520,62.499667272,0.999999899,2013
362,32.750044165,57.999671485,1.249999900,2013
363,38.249723841,50.499724754,4.999963591,2013
364,42.999822814,46.249648023,10.750069676,2013
365,44.500149311,42.749693884,20.750150216,2013
366,42.250145174,44.249784507,25.499904062,2013
367,40.000142547,49.749936455,20.749795749,2013
368,37.249998000,54.499710974,13.249789095,2013
369,34.749703180,61.499860041,7.249765401,2013
370,30.500037273,68.249716409,3.249941105,2013
371,28.249995604,73.249469335,0.749999991,2013
372,26.750039299,78.249742989,0.000000000,2013
373,26.500021815,82.499879115,0.000000000,2013
374,28.749829623,80.000362911,0.000000000,2013
375,31.500143484,72.500499816,2.499770292,2013
376,33.750389890,64.250700188,7.249811253,2013
377,37.750664425,57.250313894,10.499748176,2013
378,38.500755021,52.750280315,14.749737129,2013
379,41.750887583,46.000199508,20.249703207,2013
380,42.000982446,39.500433165,26.249772409,2013
381,37.250824723,40.250439355,26.999661729,2013
382,35.750731564,40.000383179,22.748868569,2013
383,36.250585991,39.750247910,18.999614746,2013
384,33.500596879,40.000124980,14.499311269,2013
385,33.250625657,40.000032351,10.999709589,2013
386,33.250736592,36.249868286,8.749765508,2013
387,32.750410952,36.250242892,6.999916776,2013
388,26.250779852,40.250414367,5.499975698,2013
389,24.501029267,43.499929799,3.750022949,2013
390,25.501074161,43.499770628,2.500027696,2013
391,27.000925425,43.999929557,2.000027781,2013
392,27.750745394,46.000118849,1.750045096,2013
393,29.000634711,50.250089227,1.500045095,2013
394,29.750667464,50.749674967,1.250045095,2013
395,29.500674099,48.499980931,1.250045095,2013
396,28.500679230,47.500053308,1.250045095,2013
397,29.250713846,47.250011139,1.250045095,2013
398,31.000777260,47.250109219,1.250045095,2013
399,31.250705877,45.499955693,1.000028406,2013
400,31.000483806,42.750349203,0.000000000,2013
401,30.500128238,40.250226363,0.000000000,2013
402,30.500103978,35.750242620,0.000000000,2013
403,31.500295302,33.000161462,0.250000000,2013
404,31.000204317,30.250139029,1.250040443,2013
405,28.750133337,26.000186257,1.250040443,2013
406,27.749947853,23.750320759,1.250040443,2013
407,28.250158368,19.749969706,1.250040443,2013
408,29.250355230,17.750075397,1.250040443,2013
409,32.251080691,14.249889087,1.250040443,2013
410,35.253274760,10.749931727,1.250040443,2013
411,37.754327645,9.249854584,1.250040443,2013
412,39.507510670,7.499970529,1.250040443,2013
413,40.507336615,8.500046694,1.250040443,2013
414,41.257280362,9.499971621,1.250040443,2013
415,40.757398596,11.250016852,1.250040443,2013
416,39.757462672,14.000017817,1.250040443,2013
417,41.507428657,16.249782519,0.500000001,2013
418,43.003696835,17.999781658,0.000000000,2013
419,43.999242767,19.999810466,0.000000000,2013
420,43.995138261,22.749797751,0.000000000,2013
421,41.741629299,25.249742227,0.000000000,2013
422,39.489895568,27.249690247,0.000000000,2013
423,36.984730723,30.249254765,1.000000003,2013
424,33.981630323,31.498964710,2.250051132,2013
425,32.728181995,34.498728129,4.250073489,2013
426,30.470388203,36.748548925,7.000096372,2013
427,30.231619238,38.498815201,10.500152367,2013
428,29.484679608,38.748934980,14.250163936,2013
429,27.987536914,40.998970042,16.000068079,2013
430,26.992286487,42.498822866,16.000068079,2013
431,25.494030470,43.998770980,16.000068079,2013
432,23.746925772,45.498389838,16.000068079,2013
433,22.249200447,46.998993620,16.000068079,2013
434,20.999707518,47.499135658,16.000068079,2013
435,19.999585984,45.249928214,16.000068079,2013
436,19.999959678,46.249940457,15.000045066,2013
437,20.250045841,47.499967697,11.500056288,2013
438,19.500149855,47.499944895,8.750045190,2013
439,18.250435299,47.750001153,5.750004990,2013
440,17.500623954,50.750007248,3.250022628,2013
441,16.500933304,53.999904372,1.250022464,2013
442,15.500927379,56.249757028,0.250000000,2013
443,15.251024365,57.749736788,0.000000000,2013
444,14.750984753,57.750174860,0.000000000,2013
445,14.500933273,57.250223143,0.000000000,2013
446,14.250796583,55.499776865,0.000000000,2013
447,16.500579928,54.000839508,0.000000000,2013
448,17.000556465,52.251239137,0.000000000,2013
449,17.750608108,48.251176173,0.000000000,2013
450,19.250212939,45.250821610,0.000000000,2013
451,20.249761289,42.251232290,0.000000000,2013
452,21.749613949,44.250944745,0.000000000,2013
453,21.499256920,44.751311206,0.000000000,2013
454,21.749268277,48.001334367,0.000000000,2013
455,22.249273058,50.251436153,0.000000000,2013
456,22.499261673,51.001133472,0.000000000,2013
457,22.249827885,53.250495129,0.000000000,2013
458,22.999670953,50.750182300,0.750000076,2013
459,22.749756217,49.750052048,1.250005805,2013
460,22.499705851,53.500012077,1.250005805,2013
461,22.249563910,55.749745103,1.250005805,2013
462,20.499175672,56.000068648,1.250005805,2013
463,19.498837553,54.000022377,1.250005805,2013
464,18.998797590,53.750345723,1.250005805,2013
465,17.248983241,54.250295705,1.250005805,2013
466,16.499272414,54.750381113,1.250005805,2013
467,16.999272502,55.000695565,1.250005805,2013
468,18.749057445,55.750456146,1.250005805,2013
469,20.499000562,54.250352561,1.250005805,2013
470,21.498972207,54.750341683,1.250005805,2013
471,22.998949505,53.750143139,2.000005814,2013
472,25.999570705,49.999962075,3.749949002,2013
473,28.999830554,47.250097943,6.249914949,2013
474,30.249954566,45.000036449,7.999948880,2013
475,31.749829669,43.500233678,10.499898187,2013
476,30.749999564,42.250160012,12.749886819,2013
477,28.500095907,44.000375540,14.249903826,2013
478,28.000072869,44.000108545,14.999943595,2013
479,27.250038740,44.499971613,14.999943595,2013
480,26.750033518,45.999999788,14.999943595,2013
481,25.250175228,46.749965442,14.999943595,2013
482,24.750163312,47.500062429,14.999943595,2013
483,24.250186092,48.249847879,14.999943595,2013
484,24.000151952,50.749830423,14.749971894,2013
485,23.250242454,56.249836797,12.249807793,2013
486,21.750197027,60.749882265,7.749898327,2013
487,21.000197789,67.749718049,3.249881273,2013
488,19.750101816,72.250024015,1.249999913,2013
489,18.500039388,75.250177614,0.750000002,2013
490,18.249982886,81.500557948,0.500000001,2013
491,18.999954704,84.999997523,0.500000001,2013
492,18.749892224,87.500730770,0.500000001,2013
493,18.750005697,89.500580515,0.500000001,2013
494,18.750005457,89.749900650,0.500000001,2013
495,18.750095577,87.749701163,1.749983175,2013
496,18.250179781,87.500028073,2.499971713,2013
497,18.500117323,86.749801195,2.499971713,2013
498,20.000190959,84.249357477,2.499971713,2013
499,19.500191441,83.749781953,2.499971713,2013
500,19.250174126,84.250125692,2.499971713,2013
501,18.000145766,86.750040689,2.499971713,2013
502,17.500106042,91.249887579,2.499971713,2013
503,19.250134399,94.250263682,1.999971712,2013
504,18.000123025,99.249799965,1.999971712,2013
505,18.000122992,99.749744931,1.999971712,2013
506,19.000111623,94.499920952,1.999971712,2013
507,19.500088651,92.000320569,1.749983072,2013
508,19.749924773,90.749921351,1.000000003,2013
509,18.749954209,90.999996287,0.000000000,2013
510,17.749954364,90.249801949,0.000000000,2013
511,16.249971257,91.249726028,0.000000000,2013
512,17.249903438,89.499809029,0.000000000,2013
513,18.499925909,86.249899924,0.000000000,2013
514,19.749926173,87.999831799,0.000000000,2013
515,19.749954876,88.500078316,0.000000000,2013
516,20.499955028,86.999347681,0.000000000,2013
517,20.000010888,84.749615783,1.500000017,2013
518,19.500010925,85.249747658,1.750000028,2013
519,18.000039309,86.249379169,1.750000028,2013
520,18.000050943,87.499698972,2.000000028,2013
521,17.750050909,86.999676785,2.499999966,2013
522,20.249967247,82.999602068,3.750028320,2013
523,24.500143066,78.499870041,4.000022843,2013
524,25.500120834,73.499727641,4.000022843,2013
525,25.000053788,67.249755902,4.000022843,2013
526,25.000133404,64.249756745,4.000022843,2013
527,29.000212762,60.499779324,4.000022843,2013
528,33.750201493,51.749890395,4.000022843,2013
529,39.500185178,46.000091831,4.000022843,2013
530,39.500207290,46.749887288,4.000022843,2013
531,37.250179383,49.999927920,4.000022843,2013
532,34.500285140,54.999562046,4.000022843,2013
533,31.000223079,61.499321016,3.750028320,2013
534,29.000107030,68.499327028,2.500000033,2013
535,25.749641878,72.499427839,1.750000028,2013
536,20.999431788,75.749737780,1.750000028,2013
537,17.499470317,79.499604357,1.750000028,2013
538,16.999464268,78.999591421,1.249960896,2013
539,17.499317602,76.749624097,0.749983158,2013
540,16.249261924,78.749046915,0.250000000,2013
541,15.749222863,82.499145373,0.000000000,2013
542,15.499239623,82.499456408,0.000000000,2013
543,15.499200610,78.749707493,0.000000000,2013
544,15.249200621,76.000009953,0.000000000,2013
545,15.249145198,73.999870128,0.000000000,2013
546,15.249421749,72.250089981,0.000000000,2013
547,15.499643649,71.250130012,0.000000000,2013
548,14.999742720,72.499667334,0.000000000,2013
549,14.499892404,74.000013169,0.000000000,2013
550,14.499942772,76.499799740,0.250000000,2013
551,16.250020054,74.499694837,0.500000000,2013
552,17.499740741,74.249577215,0.500000000,2013
553,16.249792010,78.999788664,0.000000000,2013
554,14.999848906,80.499773664,0.000000000,2013
555,15.249848982,80.999884559,0.000000000,2013
556,16.249849214,82.750222604,0.000000000,2013
557,16.999848901,85.750418508,0.000000000,2013
558,15.499877319,92.750097703,0.000000000,2013
559,13.999865706,96.750587487,0.000000000,2013
560,15.249893931,94.250195878,0.000000000,2013
561,16.249882534,90.499910442,0.500000001,2013
562,17.249910943,85.250102298,2.250011481,2013
563,18.249933034,80.750361351,5.250217137,2013
564,20.499978512,76.250166229,8.500113951,2013
565,19.000033195,71.749923408,11.000113994,2013
566,18.750070529,65.250153003,13.499968442,2013
567,20.250247806,58.750379366,14.999829101,2013
568,21.000109065,48.500127672,15.749828987,2013
569,21.500119242,39.500089127,15.749828987,2013
570,21.500102414,31.999970961,15.749828987,2013
571,21.500146462,24.750060134,15.749828987,2013
572,21.500179421,20.000128015,15.749828987,2013
573,21.750410339,19.499867716,16.499845705,2013
574,21.750629738,17.750012284,16.499845705,2013
575,22.000976377,19.750046794,13.999845847,2013
576,22.501139502,20.500096291,10.499888169,2013
577,20.751352070,22.000157424,6.500011360,2013
578,19.251097880,22.750008314,4.750050150,2013
579,18.001031075,21.500068832,3.500033373,2013
580,17.251114398,19.749977734,3.000005088,2013
581,19.251196854,16.999752860,2.000016632,2013
582,19.751099484,13.999976017,5.000143077,2013
583,21.750814924,11.250055326,11.000149330,2013
584,23.500272533,8.499987882,18.500123942,2013
585,26.000007107,4.500004979,24.750095852,2013
586,27.500060106,2.750005164,32.249898547,2013
587,27.750112888,2.000005228,40.750069723,2013
588,28.000030739,1.250005143,47.249951421,2013
589,29.999949458,1.250005143,51.499880216,2013
590,31.250010020,1.250005143,57.500162866,2013
591,31.500087863,1.250005143,63.249618616,2013
592,32.250111690,0.750005145,72.749916881,2013
593,32.000178786,0.750005145,80.500000479,2013
594,31.500607593,0.250000000,88.251017365,2013
595,31.000586157,0.000000000,95.500441998,2013
596,30.000329945,0.000000000,100.000249494,2013
597,27.749917738,0.000000000,105.000557212,2013
598,24.750038646,0.000000000,112.250003842,2013
599,25.249939845,0.000000000,117.000377529,2013
600,26.749963855,0.000000000,121.000257266,2013
601,25.750189686,0.000000000,121.749998152,2013
602,24.750007950,0.000000000,124.999986083,2013
603,22.500013242,0.000000000,126.999319978,2013
604,20.750038567,0.000000000,128.499687003,2013
605,19.000079928,0.000000000,130.000631495,2013
606,19.500234511,0.000000000,128.250135142,2013
607,20.750196518,0.000000000,125.749132170,2013
608,22.500201400,0.000000000,123.499684648,2013
609,24.250163664,0.000000000,122.249893951,2013
610,25.750100780,0.000000000,118.999601265,2013
611,27.000029696,0.000000000,116.500723516,2013
612,26.749950541,0.500000001,113.750193874,2013
613,25.500233072,1.749895294,109.500414158,2013
614,26.250169639,2.749900177,106.250188462,2013
615,26.500141686,3.749900173,101.000183724,2013
616,27.000106645,5.249936053,97.249952605,2013
617,26.750024455,5.750081588,94.750562287,2013
618,25.749972744,6.000081589,89.000418348,2013
619,24.999810399,6.250081589,86.250666568,2013
620,24.499521498,7.250081638,82.500268003,2013
621,23.999040349,8.500081610,77.749371331,2013
622,23.498776513,9.750104772,71.500109888,2013
623,22.248688988,10.500093302,64.499782117,2013
624,20.248405635,11.250093321,57.249113100,2013
625,18.998272948,11.500093326,51.249836984,2013
626,18.748395924,11.750186405,45.999840487,2013
627,19.748504828,11.500193302,44.999834824,2013
628,19.748504874,11.250204983,45.249926124,2013
629,19.748499142,10.250016670,43.750061050,2013
630,19.249203365,9.250064204,44.750066019,2013
631,17.999634094,9.000105001,47.750127092,2013
632,18.499888407,9.000041020,46.250168863,2013
633,19.499919621,7.250170031,44.500175645,2013
634,21.499943983,7.250000088,43.250163068,2013
635,22.749914746,6.249999966,41.750163063,2013
636,22.500165874,6.499999888,38.250191236,2013
637,23.000304642,7.749995267,34.750120269,2013
638,24.250163867,11.000038541,30.500080276,2013
639,24.500088214,13.000071944,26.250075210,2013
640,25.500129534,15.250110231,23.250160526,2013
641,25.500207729,17.250214460,18.250393970,2013
642,26.250262227,20.000128200,14.750403926,2013
643,27.000086885,20.750185488,12.000152586,2013
644,26.500055549,21.250173896,13.250048658,2013
645,25.500010268,21.750145045,15.000050821,2013
646,24.750016760,20.250173935,15.249931820,2013
647,25.499993817,18.750197053,15.999975012,2013
648,24.500045597,15.750050380,18.999925162,2013
649,24.249976994,14.249997967,19.499925167,2013
650,24.249948090,14.750050123,19.499925167,2013
651,24.249722814,15.750020404,19.499925167,2013
652,25.249722537,18.000065051,18.499886853,2013
653,28.499726714,20.000093284,17.249865193,2013
654,31.749646002,21.750166169,16.499916978,2013
655,34.499838652,23.250308618,15.499893952,2013
656,34.500384352,24.000266348,14.999876609,2013
657,36.499818496,26.500163055,12.749772447,2013
658,38.000170224,30.000253047,9.499908213,2013
659,39.999970372,32.500162135,5.499931386,2013
660,41.499749233,36.250166553,3.749926357,2013
661,44.749334589,38.000173519,2.249971733,2013
662,47.249736072,36.000006857,1.249983408,2013
663,48.000010612,35.500080676,0.500000008,2013
664,45.500006316,34.749976275,0.000000000,2013
665,41.500096504,37.749945450,0.000000000,2013
666,36.500306586,41.499788799,0.500000000,2013
667,32.500362759,44.749804223,1.749971791,2013
668,30.250331426,49.749892157,3.999954273,2013
669,29.250289025,53.749723058,7.249902726,2013
670,29.250365186,55.750134989,8.249919403,2013
671,26.750297983,56.500003804,8.499930985,2013
672,24.750217561,59.500004658,8.499930985,2013
673,23.500293878,62.500118070,8.499930985,2013
674,23.000205918,64.999956470,8.499930985,2013
675,25.500281359,64.499771657,7.249902795,2013
676,28.000199399,68.749766952,5.999971638,2013
677,28.500232003,71.249914455,3.749937679,2013
678,27.000071820,74.249987638,1.499983379,2013
679,24.250092795,78.999947054,1.499983379,2013
680,22.500120849,78.999992587,2.250000002,2013
681,20.750175573,79.750042726,1.999983380,2013
682,18.750082940,78.999937894,2.249983380,2013
683,18.500021907,76.249774298,3.499956567,2013
684,16.750033593,72.249872566,5.249956627,2013
685,16.499952836,69.999994529,8.250000004,2013
686,17.750021353,66.250059169,10.500343638,2013
687,19.000066785,63.999959707,13.750191133,2013
688,19.500004507,61.999890952,18.749966593,2013
689,20.250021837,56.499708913,24.499585660,2013
690,21.250021115,48.749863753,29.999571064,2013
691,20.750037679,41.749826889,35.499627071,2013
692,20.249981485,35.749881796,42.249755535,2013
693,21.249952849,27.499946276,49.499611247,2013
694,22.750033971,19.499817283,58.999574621,2013
695,24.000202207,13.249983271,68.499370216,2013
696,24.500143116,9.999949989,78.748995872,2013
697,23.750178285,6.499966662,88.748248495,2013
698,23.750175037,2.499971911,94.997808579,2013
699,24.500299876,1.250000034,95.248047191,2013
700,25.250432341,1.000000003,90.998438001,2013
701,25.501237786,2.000000119,83.998297949,2013
702,25.999897517,3.500000255,74.498119902,2013
703,27.250218141,6.749978125,64.748306780,2013
704,27.250447744,9.999966963,54.498346481,2013
705,27.000648544,12.499961599,44.998198602,2013
706,26.500411509,14.250054310,36.248654309,2013
707,26.500405391,15.499932047,29.249304265,2013
708,28.000402547,16.249932056,22.749785743,2013
709,30.750238099,18.499898769,18.499978859,2013
710,33.250169643,20.249825076,13.750105871,2013
711,35.000070961,21.749829971,8.500162977,2013
712,35.249930937,24.999949289,4.500039647,2013
713,35.251048226,29.749897475,4.000011385,2013
714,34.500386227,34.249818561,3.000016726,2013
715,33.999936474,36.249841918,3.000016726,2013
716,34.500160991,38.249862710,2.500016721,2013
717,34.000085959,39.749726208,1.000016711,2013
718,33.750032519,41.750087057,1.249983287,2013
719,32.000245390,42.250062718,1.249983287,2013
720,31.250091347,43.499782272,1.249983287,2013
721,31.250106092,41.249851091,1.749983289,2013
722,31.250155866,40.749888822,1.749983289,2013
723,30.750127528,39.249874119,2.249983290,2013
724,31.000093779,35.499933643,3.749977193,2013
725,30.750144180,31.499956193,7.749925735,2013
726,31.500144099,27.749962065,12.000062347,2013
727,31.250144372,23.749917089,17.500234183,2013
728,30.250160906,19.249945269,24.000189142,2013
729,31.250188941,15.499973737,27.750046605,2013
730,34.250130884,9.999944325,31.750052703,2013
731,34.500189251,6.749966413,38.000104128,2013
732,32.000093581,5.499983217,44.749967841,2013
733,28.500012797,4.500000008,49.000258422,2013
734,25.499725833,4.250000008,51.750526847,2013
735,25.249445976,3.750000144,51.250682147,2013
736,26.749429164,3.750000144,45.001161435,2013
737,26.749383347,3.750000144,39.750764368,2013
738,25.749309548,4.000000144,35.000829977,2013
739,26.749527553,4.500000146,31.750874678,2013
740,26.499698187,3.750000008,28.500937763,2013
741,26.749680892,4.749983188,25.500943167,2013
742,28.249697603,8.249971778,21.750926983,2013
743,28.999669319,12.000028062,17.500954756,2013
744,30.499669339,17.250091300,14.750931967,2013
745,30.499880902,22.750325016,13.750400822,2013
746,30.249939364,26.000194155,14.000097317,2013
747,28.500075374,29.250449973,12.500046428,2013
748,26.000032459,31.250113559,10.749926444,2013
749,23.500115914,31.250011747,12.499824171,2013
750,21.500160175,31.750045377,13.249818535,2013
751,21.000200146,31.250044420,12.749869840,2013
752,21.249988676,27.750271227,11.249841634,2013
753,20.749937969,28.000331680,9.749926928,2013
754,19.749825625,27.250156137,8.999955003,2013
755,18.999954330,26.750207999,7.749983393,2013
756,18.499959786,26.000111797,6.999983465,2013
757,18.249948559,24.250298410,6.999983465,2013
758,18.749954300,22.500342356,7.499983466,2013
759,19.999971282,18.500217402,7.749983467,2013
760,21.999988213,15.000071758,8.250112922,2013
761,23.499971371,12.750183931,9.750028537,2013
762,23.999920433,11.750200884,10.250068130,2013
763,24.749926447,10.500111562,10.000039612,2013
764,29.249818647,9.250111559,9.250039610,2013
765,33.999864128,8.000067023,9.250039610,2013
766,35.249914984,7.250028032,8.750039609,2013
767,35.499914922,4.749983172,8.750039712,2013
768,34.249971781,4.000000058,8.000039707,2013
769,32.749943624,3.250000057,8.000039707,2013
770,30.999932028,2.500016985,8.000039707,2013
771,29.499960355,3.250033976,8.000039707,2013
772,27.000011176,5.999954758,7.000011405,2013
773,26.499971348,8.499920719,6.500039702,2013
774,24.999954375,10.999847348,5.500011394,2013
775,22.249920355,12.249886839,5.000068087,2013
776,19.749886455,14.249880839,5.750056582,2013
777,17.999914607,15.999880754,5.249943084,2013
778,16.499909343,16.499863915,6.249943088,2013
779,16.249960102,16.249807373,7.249960111,2013
780,15.999994051,16.249903566,8.999943036,2013
781,15.999965636,19.999784500,10.749960208,2013
782,15.249993999,22.999778808,11.999931890,2013
783,15.749994075,26.499954703,13.749977437,2013
784,15.750011215,29.500705320,13.999977500,2013
785,16.749994316,24.000598032,14.499977510,2013
786,19.999994560,21.250478708,15.499977398,2013
787,24.000000469,18.750501389,17.249988787,2013
788,27.500034084,18.250512579,19.499994491,2013
789,28.500090926,20.500541023,19.499994749,2013
790,28.250068650,23.000557671,18.249977567,2013
791,29.750039561,22.500551789,16.250034262,2013
792,30.750017545,22.750557435,15.000023027,2013
793,32.250085932,20.250625539,14.000005979,2013
794,30.750018357,17.000614475,13.250023154,2013
795,28.749798827,13.500253816,11.500006176,2013
796,26.249478088,10.750045040,12.000005973,2013
797,23.498998711,9.249965913,12.499977593,2013
798,21.748435642,9.000005545,14.249977523,2013
799,20.250162142,8.750005569,17.749797409,2013
800,19.249786383,9.249954862,20.249837554,2013
801,18.249332612,9.499954873,24.749876252,2013
802,16.748776793,10.499983135,29.250102103,2013
803,15.748125020,10.999982925,32.500473823,2013
804,14.997339465,13.750017060,35.001030777,2013
805,14.749907220,15.250034039,36.251368146,2013
806,15.999779973,17.499916558,36.501368151,2013
807,17.750002518,18.499747777,36.751419380,2013
808,20.247491114,17.749989346,36.751419380,2013
809,22.247788591,20.000109238,36.001413555,2013
810,24.498186434,22.500097806,34.751413546,2013
811,26.748471674,26.750058463,31.751554229,2013
812,29.498869893,30.750058660,27.751559439,2013
813,33.499211073,36.000227495,23.501171321,2013
814,34.748030685,40.250000674,18.250597347,2013
815,35.998992953,47.249736784,12.500242858,2013
816,37.749672398,55.749978663,7.500005786,2013
817,37.750122436,61.500006267,4.249921703,2013
818,38.750133776,63.999860694,2.499881666,2013
819,41.500136079,63.249481733,2.499881666,2013
820,43.750394660,60.499747846,2.499881666,2013
821,46.000384261,56.499757189,2.499881666,2013
822,45.000248646,57.499774201,2.499881666,2013
823,38.500096075,66.249084976,2.749881666,2013
824,32.999922127,74.499601450,3.249864596,2013
825,33.499893996,73.499739173,3.249932397,2013
826,39.500119075,62.999967332,2.249903526,2013
827,48.750343360,52.499019003,1.749943490,2013
828,53.500376899,46.499047193,0.750000002,2013
829,51.250348359,46.499769403,0.250000000,2013
830,46.500419560,50.999285047,0.250000000,2013
831,43.500493662,58.249628464,0.250000000,2013
832,40.000381206,62.999601787,0.500000000,2013
833,36.250192807,65.499448430,0.750000014,2013
834,31.250238211,72.749505113,0.750000014,2013
835,27.000158055,78.249396905,0.750000014,2013
836,23.750095267,79.999835397,0.750000014,2013
837,23.750157686,82.000203869,1.750000019,2013
838,25.500689682,79.000091118,2.250000025,2013
839,27.750936304,78.000223962,2.000000025,2013
840,29.999620682,73.749780456,3.750018006,2013
841,31.750583248,70.749446920,6.250028052,2013
842,35.000706401,65.749443798,7.750067253,2013
843,38.250808050,58.249414416,10.250118878,2013
844,41.500600928,49.499742510,13.000146082,2013
845,45.000141901,40.999928392,15.500134130,2013
846,47.250460875,36.000025451,19.500100543,2013
847,49.750691260,30.249893663,24.500021414,2013
848,50.000645316,26.499927703,33.250027433,2013
849,48.500592291,22.750141070,42.250103580,2013
850,44.500205960,19.499810344,52.750117428,2013
851,40.000106965,16.749950992,62.750059107,2013
852,34.749996382,15.499692449,70.500074954,2013
853,30.500046833,13.499965337,74.249861113,2013
854,27.250080599,11.749943326,75.249751743,2013
855,25.500063566,10.499925254,73.249630018,2013
856,23.500021915,10.249969065,70.999389656,2013
857,22.999948682,11.000056211,68.999677069,2013
858,23.749942768,14.750039184,64.249956476,2013
859,24.249878298,18.250007965,61.999838849,2013
860,24.499825130,23.750947980,56.999830173,2013
861,24.999831884,30.500914681,50.249860936,2013
862,25.249508559,37.000699539,44.000113815,2013
863,25.999435305,44.749994267,36.250113219,2013
864,27.499502477,49.999916527,30.250130412,2013
865,28.249722207,53.749862479,25.250080505,2013
866,29.000024375,57.499725077,21.250021561,2013
867,29.500252849,62.750086162,17.500050550,2013
868,30.250872077,65.499220090,13.500028477,2013
869,31.249942628,69.749463263,10.000078896,2013
870,31.500346279,71.998035253,7.250028414,2013
871,31.751245845,73.998786072,4.750005290,2013
872,31.752019092,77.499109954,2.750000017,2013
873,33.752368667,79.749881674,0.500000000,2013
874,36.501191428,78.750198429,0.000000000,2013
875,37.501036877,76.999823291,0.750000001,2013
876,36.251105989,75.750062561,2.999895993,2013
877,34.250926799,74.750653749,4.749947407,2013
878,32.001632720,72.751149608,7.249895938,2013
879,31.002052470,67.999579531,12.249804852,2013
880,29.750720127,63.250068122,16.999704072,2013
881,28.750208590,58.249599733,19.999811728,2013
882,27.499878778,53.500584475,20.499840682,2013
883,26.499837803,55.250780448,20.499840682,2013
884,26.999748372,57.750552603,18.749871944,2013
885,27.999460473,59.250695467,15.499967805,2013
886,29.748570426,60.750843795,13.000024253,2013
887,30.495719492,61.501097600,12.750024252,2013
888,32.494430023,62.250258978,13.500024253,2013
889,33.992809843,66.250552461,12.500030133,2013
890,33.742837195,70.750700413,9.250063882,2013
891,34.242825570,73.250038871,7.000006236,2013
892,34.742814205,73.250283103,5.500034863,2013
893,34.742900138,74.000513170,3.750028794,2013
894,34.242982907,73.001326410,2.500005902,2013
895,33.746372690,75.000628273,1.250000001,2013
896,32.248789926,74.251150558,1.000000001,2013
897,30.749708791,76.500838975,1.500000000,2013
898,29.749892162,77.000438613,2.750000014,2013
899,29.000012976,79.750699769,3.000005772,2013
900,28.750162374,81.750127890,2.750005772,2013
901,28.500202330,84.251385215,2.750005772,2013
902,28.750197099,83.000818826,2.750005772,2013
903,28.750214168,81.751156712,2.750005772,2013
904,28.000366900,82.500515402,2.750005772,2013
905,27.250592729,81.500390908,2.750005772,2013
906,28.501162213,81.998925765,2.750005772,2013
907,29.751094537,79.749264230,3.749988827,2013
908,31.501853179,77.499022102,5.999943018,2013
909,32.251175832,77.749020400,7.499897203,2013
910,31.751385522,77.248923693,7.749589047,2013
911,30.751431648,77.499524313,7.499589050,2013
912,28.751454675,76.249561134,7.499589050,2013
913,26.501415518,77.249212653,7.499589050,2013
914,23.751579356,79.998870571,7.499589050,2013
915,23.751687211,80.998305157,8.249589054,2013
916,25.251224477,79.248960273,9.499538171,2013
917,27.750828724,74.249624309,9.499538171,2013
918,34.000983039,69.499542896,9.499538171,2013
919,38.750841876,65.749593653,8.749532711,2013
920,40.000762669,67.749847786,7.499543980,2013
921,39.750488746,71.749995282,5.499818117,2013
922,39.500460143,74.249881324,4.249880942,2013
923,38.250477074,74.999939386,2.749920803,2013
924,37.000408957,77.249859102,1.999949136,2013
925,35.750340375,79.250110438,2.249949136,2013
926,35.000345775,81.249849039,2.999847142,2013
927,34.250271358,81.249600629,2.999847142,2013
928,34.500141090,82.249264652,2.999847142,2013
929,35.500072984,82.248727089,1.999898008,2013
930,35.000249499,84.498914146,1.499898006,2013
931,33.999800841,87.749241646,1.499898006,2013
932,31.999579984,87.249593987,1.499898006,2013
933,30.749540735,89.748582013,1.499898006,2013
934,29.249528794,88.498273231,1.249954677,2013
935,28.749518249,86.998730618,1.249954677,2013
936,29.499659922,85.499235946,0.999971689,2013
937,33.249512502,79.999552033,0.999971689,2013
938,37.499580176,74.000141236,0.250000000,2013
939,42.499494361,64.250352281,1.000000022,2013
940,45.999699517,56.750568268,2.000000011,2013
941,46.499825395,50.750817461,2.000000011,2013
942,45.249961104,46.750817297,2.000000011,2013
943,43.249927602,47.500755476,1.750000009,2013
944,39.750006389,49.500637443,2.250005533,2013
945,36.000068524,51.750975771,2.250005533,2013
946,33.749556817,54.501395634,3.000000012,2013
947,30.499118537,60.001466080,3.000000012,2013
948,28.499327807,66.500698998,2.750000012,2013
949,26.499130010,72.251484137,2.750000012,2013
950,26.999209392,77.000264988,2.500000012,2013
951,26.999181338,79.000488241,2.500000012,2013
952,28.999113902,78.749737748,2.500000012,2013
953,30.999366723,76.999700483,2.500000012,2013
954,32.249355372,77.250236342,1.750000082,2013
955,33.999377772,77.249251413,0.500000001,2013
956,35.499563365,80.749803624,0.000000000,2013
957,36.999888121,79.498658617,0.000000000,2013
958,39.500022328,77.749846093,0.000000000,2013
959,40.750155725,77.499648659,0.000000000,2013
960,40.500317813,77.499382792,0.000000000,2013
961,41.000334256,77.499304388,0.750000037,2013
962,39.500355916,74.750274337,2.000000013,2013
963,38.250406816,72.500543393,2.250016833,2013
964,38.500243730,69.500675790,2.250016833,2013
965,37.000339073,66.500389130,2.250016833,2013
966,36.000316889,64.250425167,2.250016833,2013
967,35.250372906,61.500848069,2.250016833,2013
968,35.000372958,60.750764259,2.250016833,2013
969,34.750468063,60.750537613,2.250016833,2013
970,33.750312061,57.000543986,2.250016833,2013
971,32.250133232,56.000305584,2.250016833,2013
972,31.000133830,55.250146096,2.250016833,2013
973,27.500116012,57.500199545,2.250016833,2013
974,24.500110754,58.250290021,1.750016834,2013
975,23.250128090,60.750407268,0.500000001,2013
976,23.000111339,64.750523807,0.000000000,2013
977,22.750094085,71.500153013,0.000000000,2013
978,22.000122640,76.250128893,0.000000000,2013
979,23.250127812,84.250035460,0.000000000,2013
980,24.749974344,86.999947484,0.000000000,2013
981,23.749993244,92.999942607,0.000000000,2013
982,22.750037198,96.999642139,0.000000000,2013
983,22.250148897,101.249658462,0.000000000,2013
984,23.750188072,101.249484717,0.000000000,2013
985,25.500209638,98.499476933,0.000000000,2013
986,27.000163941,94.749539353,0.000000000,2013
987,28.750179342,91.999362035,0.000000000,2013
988,30.500187854,89.499927684,0.000000000,2013
989,32.000170639,86.499932698,0.000000000,2013
990,33.500130670,83.249583124,0.000000000,2013
991,34.000143683,83.249832951,0.000000000,2013
992,33.000223222,83.750243679,0.000000000,2013
993,32.250116545,81.000410751,0.000000000,2013
994,32.250129487,80.249932798,0.250000000,2013
995,31.500184139,79.249739466,0.500000000,2013
996,29.250218528,80.999736238,0.500000000,2013
997,26.000196925,82.749492815,0.500000000,2013
998,23.250110902,84.249247106,0.500000000,2013
999,21.249893744,83.749412110,1.000000001,2013
1000,21.499925756,82.749047981,3.250000092,2013
1001,22.249891030,77.499805104,9.250058692,2013
1002,21.750071460,73.749104259,15.499977728,2013
1003,21.249857737,67.499613653,22.500018265,2013
1004,21.249841038,57.999945088,29.249953950,2013
1005,19.499604542,51.500172386,37.249966777,2013
1006,18.999437732,46.750102826,46.249776496,2013
1007,17.999256026,47.500091341,51.749708372,2013
1008,17.498961676,48.000103010,56.499753892,2013
1009,17.498878618,45.999358594,61.249331045,2013
1010,17.998874337,44.749501953,63.499200273,2013
1011,20.248760991,45.999439296,60.499034959,2013
1012,24.248781258,44.249614301,56.748947353,2013
1013,26.748796101,42.749642659,50.749016085,2013
1014,28.998860081,41.749489479,45.498934955,2013
1015,29.998528944,40.249712717,39.998477530,2013
1016,31.999333120,39.000029697,34.249312852,2013
1017,33.499671622,37.250126865,28.999701864,2013
1018,34.499746914,35.500194637,24.499921517,2013
1019,34.999868190,33.250325714,20.500012390,2013
1020,36.500012976,29.750357015,16.000040504,2013
1021,39.249834628,25.500316451,13.000068847,2013
1022,38.999968899,21.250310934,12.250016826,2013
1023,36.000023018,21.000057859,13.500064046,2013
1024,34.000073977,23.750256138,13.250142733,2013
1025,31.500097261,28.250149892,12.250147744,2013
1026,28.500092914,33.750211728,11.000126153,2013
1027,24.499807728,40.000195445,10.250108831,2013
1028,22.499955205,45.499994238,9.750132765,2013
1029,20.999894023,50.999943144,9.000177431,2013
1030,20.750000499,54.999823474,8.250172430,2013
1031,21.499999353,60.249855980,7.500172305,2013
1032,23.750008212,62.249991691,6.500149307,2013
1033,26.999673191,64.249861032,6.000149303,2013
1034,30.999947608,64.499784915,4.500000044,2013
1035,36.500633906,59.249814752,2.250000022,2013
1036,41.750172662,53.250097573,0.500000000,2013
1037,46.250160442,45.250229631,0.250000000,2013
1038,51.000175231,39.749987117,0.000000000,2013
1039,55.750101813,36.500011185,0.000000000,2013
1040,59.750038444,31.500131061,1.000000003,2013
1041,59.500063520,27.000058745,5.250186453,2013
1042,57.499948128,22.500219080,9.750040889,2013
1043,55.000005183,20.500124531,12.249983606,2013
1044,52.250088428,23.750139915,12.249983606,2013
1045,48.750158417,31.499991101,11.749983646,2013
1046,44.500265745,39.749987768,8.749962394,2013
1047,40.250278272,48.749745403,7.499962392,2013
1048,36.750299600,57.999687509,5.749962428,2013
1049,31.500287782,62.499593542,4.500052477,2013
1050,29.250211398,64.249992081,3.750052471,2013
1051,27.750022078,64.499888793,3.250098033,2013
1052,27.249755154,66.500123346,2.750057242,2013
1053,26.999738714,65.000210965,2.000023275,2013
1054,27.499731871,66.750589048,0.750000001,2013
1055,27.999698893,69.751015409,0.500000001,2013
1056,27.999825323,70.251284295,0.500000001,2013
1057,27.749666784,73.001882833,0.500000001,2013
1058,27.999603969,73.751890617,0.500000001,2013
1059,28.499528650,72.752613986,0.500000001,2013
1060,30.749291572,72.002206630,0.500000001,2013
1061,32.999075669,71.252177750,0.250000000,2013
1062,34.498717119,68.002089104,1.999978736,2013
1063,34.998895938,64.002190499,5.250290591,2013
1064,36.998977380,59.250926349,8.249975894,2013
1065,36.999127670,54.250408004,11.000275368,2013
1066,36.249337716,49.250251969,15.249933393,2013
1067,34.749332091,43.250102307,18.249854704,2013
1068,34.249353952,44.000266664,14.500992963,2013
1069,33.249311602,47.749895590,11.250340194,2013
1070,33.499311905,49.749688980,7.250007336,2013
1071,33.249307059,50.499828900,5.250007186,2013
1072,32.749547430,46.249810816,5.000172053,2013
1073,31.499636225,39.999797094,5.750148235,2013
1074,30.000109211,35.249859894,4.750095832,2013
1075,27.000314231,31.249937482,3.249997237,2013
1076,24.750243094,29.999579882,3.250049492,2013
1077,23.500092206,30.499956596,2.750028048,2013
1078,22.750004641,31.999986428,2.249999968,2013
1079,22.750011779,34.250221809,2.250000012,2013
1080,22.500023382,36.749981173,2.999995141,2013
1081,22.999971983,39.500545217,3.499995281,2013
1082,23.999988313,45.250457953,3.499995281,2013
1083,23.750000051,48.250186316,3.499995281,2013
1084,23.999981359,51.250146343,3.499995281,2013
1085,24.249948598,54.750551973,3.499995281,2013
1086,24.249941631,57.750258680,3.249995281,2013
1087,25.249913594,56.750073437,3.249995281,2013
1088,27.499916020,55.500596170,3.249995281,2013
1089,28.749985085,51.000461145,3.249995281,2013
1090,29.749934845,49.250624435,2.749995280,2013
1091,29.749878041,48.250547221,2.750000025,2013
1092,30.499926699,46.250419610,2.499990649,2013
1093,32.499798355,43.500422493,1.749995368,2013
1094,34.499774216,41.250412955,1.999995368,2013
1095,34.999833792,39.000497825,3.749938050,2013
1096,32.749886551,36.250347100,4.749896761,2013
1097,30.249819584,36.000333610,5.499880416,2013
1098,30.249839564,38.500349853,6.499880417,2013
1099,26.999875657,42.000349936,7.749887656,2013
1100,25.999866343,43.750388521,7.999920242,2013
1101,26.499954864,41.500375431,9.249927643,2013
1102,27.999979660,39.500184095,10.999964679,2013
1103,30.749825043,36.250078050,12.999948435,2013
1104,33.000084574,33.999927772,16.499953032,2013
1105,34.500126907,31.999804026,20.249900135,2013
1106,35.750064898,30.999780100,23.499900190,2013
1107,36.500081171,31.749695057,26.499941260,2013
1108,37.000078170,31.749675845,28.999966463,2013
1109,36.500101666,29.999795716,33.499966826,2013
1110,36.250048968,28.999686695,38.249966635,2013
1111,35.000016574,29.499778066,41.499987084,2013
1112,34.750021079,29.749697283,41.250089631,2013
1113,35.249959181,30.249870698,39.750002221,2013
1114,35.500044682,29.499964662,32.750031492,2013
1115,35.249954580,29.500044307,26.999975062,2013
1116,35.250173117,29.250094354,21.500007250,2013
1117,34.999979759,31.000110235,17.500007469,2013
1118,34.999996137,31.750029162,14.500044304,2013
1119,33.999975683,32.250024913,12.000023679,2013
1120,33.250021338,33.499994773,10.499995694,2013
1121,32.999963518,36.750060150,9.500018644,2013
1122,30.749911244,34.250015388,8.499994212,2013
1123,28.999927356,33.249988721,7.750023653,2013
1124,28.249991848,35.499918385,6.499945614,2013
1125,27.999916225,37.999827920,3.999664194,2013
1126,28.249927159,42.249886971,1.000000005,2013
1127,26.750030410,42.999820032,0.000000000,2013
1128,24.250030171,45.249573630,0.000000000,2013
1129,22.500051071,44.749223158,0.000000000,2013
1130,21.500004830,43.249124035,0.000000000,2013
1131,20.249926216,37.999387026,0.000000000,2013
1132,19.999997209,37.499438751,0.000000000,2013
1133,20.000100477,37.749451657,0.000000000,2013
1134,19.250152980,37.999484334,0.000000000,2013
1135,18.500152982,37.999431195,0.250000000,2013
1136,18.750164799,40.999512320,0.750000005,2013
1137,18.250243445,39.749578154,0.750000005,2013
1138,19.000208816,37.999554760,1.000000005,2013
1139,20.250197769,38.249554821,1.500000006,2013
1140,20.500205775,41.249483435,1.500000006,2013
1141,20.500300179,43.749520814,0.750000000,2013
1142,20.500346133,43.749451354,0.750000001,2013
1143,19.750216894,39.750076466,1.250000003,2013
1144,18.750192168,38.250116005,2.749963467,2013
1145,18.750168618,37.250009554,3.249912447,2013
1146,18.500155620,37.500041476,3.249912447,2013
1147,19.000084314,38.749902457,3.249912447,2013
1148,19.000104765,37.499803818,3.249912447,2013
1149,19.000120643,30.999809678,3.749912428,2013
1150,19.000104717,28.749650465,5.499900670,2013
1151,18.500035342,23.749579615,8.999817746,2013
1152,18.250026372,21.499699229,9.249817711,2013
1153,17.000071875,22.499701996,9.999817564,2013
1154,16.249935771,20.999625547,10.249817643,2013
1155,16.000022700,22.999662218,10.499817643,2013
1156,17.250257495,19.999560806,10.249789698,2013
1157,19.750170512,15.499650784,9.499868678,2013
1158,22.250182571,15.249714988,8.749905192,2013
1159,24.250425951,13.999612578,8.249905199,2013
1160,26.750219280,12.249775274,7.749905197,2013
1161,29.000287804,10.249917474,7.499905197,2013
1162,31.000270086,10.499937917,7.000004282,2013
1163,33.250339958,11.999913680,5.999958588,2013
1164,35.750374351,12.249913892,4.499988193,2013
1165,38.250460944,12.749950056,3.750078280,2013
1166,40.500350401,14.749950261,4.000054515,2013
1167,41.750334476,18.999950199,3.750054513,2013
1168,43.000314646,20.749942225,3.250054502,2013
1169,43.500219099,25.250038712,3.250054502,2013
1170,42.750076167,32.749941810,3.000054502,2013
1171,40.249976988,42.500282326,3.000054502,2013
1172,39.250011789,44.250027867,3.000054502,2013
1173,41.499904627,35.750164342,3.000054502,2013
1174,42.749969342,33.500039785,3.500054532,2013
1175,40.250234940,36.250158672,4.250038526,2013
1176,32.750178477,41.500021925,6.249980947,2013
1177,26.249902647,45.500164655,8.499856099,2013
1178,22.750078577,49.500130171,9.499855990,2013
1179,20.997860915,52.499949792,10.249872006,2013
1180,20.246740068,53.499733149,10.499855992,2013
1181,20.493670749,54.000174044,10.749825787,2013
1182,21.491722198,57.000557892,9.499801482,2013
1183,20.486798901,60.001039224,9.249789582,2013
1184,19.983791041,63.250279659,9.749793614,2013
1185,21.983782891,61.750430778,10.999831267,2013
1186,23.983828665,55.500235702,12.249900884,2013
1187,25.736686382,51.250476256,13.499831745,2013
1188,27.239374392,46.250872425,14.249946491,2013
1189,28.493089968,42.250531862,12.250057774,2013
1190,29.494783713,36.500410551,9.750037988,2013
1191,31.246132823,30.750404595,8.750061781,2013
1192,33.499385162,23.000144625,9.000061764,2013
1193,36.499732344,15.250482138,11.000033904,2013
1194,39.499863007,10.250446019,11.500079564,2013
1195,41.999575095,7.250380140,10.500091465,2013
1196,43.749192263,4.750376469,10.000123328,2013
1197,45.249733862,4.000375950,9.250155133,2013
1198,45.999923320,3.000000040,10.499850766,2013
1199,45.999844048,2.000000013,16.499938399,2013
1200,43.999744802,1.250000003,25.499940139,2013
1201,41.999794159,1.500000003,35.249898156,2013
1202,38.249749928,1.500000006,45.249892996,2013
1203,34.499747602,1.250000006,55.999990893,2013
1204,31.499328384,2.250000009,65.499978225,2013
1205,30.000053920,1.500000004,71.999976742,2013
1206,29.750035191,1.500000004,77.249868013,2013
1207,29.999879538,1.000000003,79.750116117,2013
1208,29.499859429,0.000000000,76.500074380,2013
1209,28.500115583,0.000000000,73.000076151,2013
1210,27.000366808,0.000000000,71.250224883,2013
1211,25.500330546,0.000000000,71.500148503,2013
1212,25.500081295,0.000000000,72.750345749,2013
1213,27.499959999,0.000000000,75.500212798,2013
1214,29.000037493,0.000000000,76.000129857,2013
1215,29.499983613,0.250000000,75.250135634,2013
1216,30.250046709,1.500015770,73.000132111,2013
1217,31.000062468,3.000000017,67.499960189,2013
1218,32.250108399,4.750043546,63.999817311,2013
1219,33.000062586,6.500063031,59.749706184,2013
1220,34.250109880,9.000027802,54.999891850,2013
1221,33.250043775,15.000098191,50.000252078,2013
1222,32.750071731,23.750025170,44.750125686,2013
1223,31.750107019,30.000780383,42.999929550,2013
1224,31.500134137,38.500974956,39.250166722,2013
1225,31.999831001,41.000638663,39.000135709,2013
1226,31.500053900,38.000337094,38.249899041,2013
1227,30.500197134,40.250557667,35.249828415,2013
1228,30.250198497,45.500417472,29.499518708,2013
1229,29.500258431,49.000382142,26.249518451,2013
1230,31.000247200,51.500279339,23.999899073,2013
1231,32.250231403,50.500154199,19.749431175,2013
1232,32.250286696,51.750259834,16.000056590,2013
1233,32.250140872,57.000591399,10.999938716,2013
1234,31.750128033,62.750751645,6.749822317,2013
1235,32.500198157,64.250526434,4.250038668,2013
1236,34.000281405,63.500267664,7.250023013,2013
1237,34.750234281,64.250201477,9.500023296,2013
1238,35.750129251,62.500208946,12.500023055,2013
1239,35.500080407,58.500180227,15.500004046,2013
1240,35.750133491,52.250168437,17.750004298,2013
1241,36.000113537,46.250238190,22.250026906,2013
1242,36.750048446,42.750160901,25.749977763,2013
1243,36.749965500,40.250214917,30.500022042,2013
1244,35.749988827,39.750050163,32.749950101,2013
1245,35.250039293,36.250081453,35.749993719,2013
1246,35.749981154,32.750006782,39.999988168,2013
1247,34.999972534,27.249992200,45.999829311,2013
1248,34.999907672,19.999906373,52.749981296,2013
1249,34.249876170,13.499916069,57.250046262,2013
1250,33.749943978,8.749919505,59.500061743,2013
1251,33.499964932,5.749938620,61.250112256,2013
1252,32.999927114,3.999922985,61.750156616,2013
1253,32.499985928,3.000015598,60.500097761,2013
1254,33.499953009,5.249915323,58.750364930,2013
1255,33.000011669,7.999849445,54.750032709,2013
1256,33.000034863,11.999804137,53.499924320,2013
1257,33.250328921,14.499846279,53.249945722,2013
1258,33.000495731,15.499899861,53.499506820,2013
1259,33.750715897,18.999647872,49.749563133,2013
1260,33.000739707,22.999917532,45.749711429,2013
1261,32.750716881,25.999894431,41.999710255,2013
1262,34.000698168,27.249789126,38.999780825,2013
1263,34.250636392,29.999863861,36.749447863,2013
1264,34.250581154,31.749945796,31.748790410,2013
1265,34.000668292,31.000103135,26.749605164,2013
1266,34.500702577,30.749974725,23.749328703,2013
1267,34.750742210,30.999916500,20.748936880,2013
1268,34.750284677,31.750040983,19.249135593,2013
1269,34.750119231,32.249931280,16.749782812,2013
1270,35.499956005,32.500099274,17.499785965,2013
1271,33.999946192,35.500569419,17.249813074,2013
1272,32.749950151,39.750295494,16.499692311,2013
1273,31.500076448,40.000184958,17.499692066,2013
1274,31.250091896,41.250677345,20.999571433,2013
1275,30.750131719,44.000426749,23.749528612,2013
1276,30.750233083,40.750110998,27.499627001,2013
1277,31.000277585,42.000328644,29.749508795,2013
1278,30.000215499,41.000196461,30.999287378,2013
1279,29.250156163,40.250089651,31.999540991,2013
1280,26.750154179,38.249908723,34.499550704,2013
1281,25.250027855,34.999923718,38.999529753,2013
1282,25.000165840,33.749914812,41.499302940,2013
1283,24.250337483,29.499820011,46.499223229,2013
1284,22.500533080,25.999881482,51.499278252,2013
1285,23.003068114,23.249660090,54.999230740,2013
1286,24.253055891,21.249908897,57.999040182,2013
1287,25.003022173,20.749987827,58.748466934,2013
1288,24.752918075,20.500085562,57.499136797,2013
1289,24.002780772,20.250131309,57.998713540,2013
1290,23.002790046,18.500119115,59.749379474,2013
1291,21.752768507,16.500091629,63.249087043,2013
1292,22.502896692,14.000039465,64.998875911,2013
1293,23.250757495,11.749996818,67.998891966,2013
1294,24.500522453,10.499996816,68.749898801,2013
1295,25.500189053,9.999981491,72.749802839,2013
1296,25.999987865,9.249981562,76.499777543,2013
1297,25.749812262,7.999966170,79.249516452,2013
1298,25.249695547,6.249957001,81.000178084,2013
1299,23.499655729,4.999975309,86.500781611,2013
1300,21.749653206,4.500038848,92.250600335,2013
1301,20.999711009,3.000018064,97.750247399,2013
1302,20.749716962,2.250033354,103.000206345,2013
1303,21.249726478,2.000036139,105.749503239,2013
1304,22.749717918,2.500036020,107.000853753,2013
1305,24.499615613,2.000033110,107.500497713,2013
1306,24.999580304,1.500015104,106.250043400,2013
1307,24.499566032,1.750015104,103.499623994,2013
1308,23.999658551,1.249999986,105.500389218,2013
1309,24.249779506,2.500015096,105.999358945,2013
1310,24.249860892,4.000067903,105.999267020,2013
1311,24.249891350,4.750067907,103.499534359,2013
1312,23.499924451,7.750028270,98.249420739,2013
1313,23.249976528,11.500114495,90.999983698,2013
1314,23.249967074,14.750015816,83.499881506,2013
1315,23.499965281,17.999993481,75.249713929,2013
1316,23.999691052,20.749993434,67.499673419,2013
1317,26.499542165,20.999993512,61.499348607,2013
1318,27.499340142,20.999993512,57.750567221,2013
1319,25.249329278,24.749993512,53.750064718,2013
1320,23.749284634,29.249947781,48.250494320,2013
1321,22.999311553,34.249891998,42.999897391,2013
1322,22.749412540,36.999907037,36.250059948,2013
1323,20.499567744,38.999861104,35.249140111,2013
1324,19.999307473,38.249949768,41.999907331,2013
1325,19.749910775,35.999850924,50.249456013,2013
1326,19.250314954,35.249851174,54.500112695,2013
1327,19.999979020,34.499808097,55.249631393,2013
1328,20.749664390,35.749784479,54.249638153,2013
1329,21.999272961,37.249614841,52.249610887,2013
1330,22.748452247,34.999655000,53.250186449,2013
1331,23.999607265,33.249752990,51.249641260,2013
1332,23.749826947,35.749775744,49.749646703,2013
1333,23.500232827,36.999866775,46.999815625,2013
1334,24.000052234,39.000473700,44.250028019,2013
1335,24.500020568,39.749859440,40.750095838,2013
1336,24.500269415,36.750538756,42.499998321,2013
1337,24.000243763,34.750496516,44.500020506,2013
1338,24.000284479,31.500542088,43.999865471,2013
1339,23.751329501,30.749894291,43.749735327,2013
1340,23.503228173,31.000668151,41.249680904,2013
1341,22.503698087,31.500068589,39.749708187,2013
1342,21.254008415,33.250130187,39.249574234,2013
1343,20.504170381,36.000086707,37.249710559,2013
1344,19.254030763,40.000252975,34.249799392,2013
1345,18.503938554,44.500025173,32.249855083,2013
1346,17.504198593,49.249902842,29.249722253,2013
1347,16.253281889,53.750143510,29.749792574,2013
1348,15.501429075,55.500084996,30.749963315,2013
1349,15.000498628,55.750101332,32.750117207,2013
1350,15.250657275,54.000425578,35.750072053,2013
1351,15.500757021,50.750543296,39.250096464,2013
1352,16.250718299,48.250636039,44.000034975,2013
1353,16.750700326,45.750601225,49.250055317,2013
1354,16.750690619,43.750647523,52.250126401,2013
1355,17.000718024,45.250692606,53.499966687,2013
1356,17.000736779,48.000315977,51.749968335,2013
1357,17.500641138,52.999814884,49.249960097,2013
1358,17.750419490,58.750377727,46.999933101,2013
1359,18.251073607,62.500629920,41.250039247,2013
1360,19.500529079,64.250429100,35.749740208,2013
1361,20.500244340,65.000144936,33.499937163,2013
1362,21.250215968,67.500012253,29.750595605,2013
1363,22.250234555,66.249879715,26.499852308,2013
1364,22.750457971,68.749710311,23.499954569,2013
1365,23.748968691,68.749608218,20.999914292,2013
1366,24.250476322,69.750074724,17.999925909,2013
1367,25.500035054,66.249995376,17.499941927,2013
1368,27.249266870,62.499556445,16.749941866,2013
1369,28.249250634,57.749823254,17.499941863,2013
1370,29.249204876,54.249672685,17.749911039,2013
1371,29.999271355,50.499732565,19.499818435,2013
1372,29.748961109,46.499783719,22.499848530,2013
1373,29.498961743,45.749799523,24.999845659,2013
1374,28.748956314,41.999472226,27.749690144,2013
1375,27.998953697,39.249266408,31.999571567,2013
1376,26.999086828,35.999489497,36.499555437,2013
1377,26.749350444,32.749855909,41.249631432,2013
1378,26.249726784,26.999925043,46.499608482,2013
1379,26.749779455,22.500123147,50.999614066,2013
1380,26.749794307,21.499981032,53.499917065,2013
1381,26.249754515,21.250114882,52.249668821,2013
1382,26.499723577,21.500088911,49.749981356,2013
1383,26.749623373,20.500089671,48.749166102,2013
1384,26.249678739,19.000034893,48.499081540,2013
1385,26.999535765,17.500094905,48.999977528,2013
1386,27.749547184,17.749944285,48.499296261,2013
1387,28.499523872,17.749918599,46.749641306,2013
1388,27.749486944,19.499832708,42.999841697,2013
1389,27.499639830,19.999801305,40.999854416,2013
1390,28.749684313,22.749827547,37.749583378,2013
1391,30.249690092,25.500071970,35.249829025,2013
1392,31.249808542,25.999569196,33.999281430,2013
1393,32.999994585,24.249922491,33.499047487,2013
1394,36.000304846,24.249912540,31.749359045,2013
1395,36.500728279,23.750044401,31.999964179,2013
1396,37.000601859,19.250213858,35.500003904,2013
1397,37.250385529,16.250681459,36.750281731,2013
1398,37.999871780,13.250507730,42.000368125,2013
1399,38.249186086,10.750185348,48.000452782,2013
1400,35.499041984,6.750418765,56.250820892,2013
1401,32.250408582,2.500000016,60.000522425,2013
1402,31.500439008,4.250011982,56.250488256,2013
1403,32.000436397,5.250009238,52.000495364,2013
1404,32.250436323,4.750009491,49.000510094,2013
1405,32.500414454,5.249988962,49.000459710,2013
1406,32.250081311,5.249974015,51.250398155,2013
1407,31.499856177,6.000035003,53.000342599,2013
1408,30.249594803,6.749992630,54.250379120,2013
1409,26.499401146,8.250079133,55.000416046,2013
1410,24.998432924,10.250040148,51.250427831,2013
1411,24.499156899,14.000009525,48.000372199,2013
1412,26.499533410,17.749993503,45.000248676,2013
1413,29.749654088,21.000123504,41.999965814,2013
1414,32.249814375,26.000167029,35.999621431,2013
1415,34.499868734,33.000168211,30.749950422,2013
1416,35.499854231,38.500387123,24.749954355,2013
1417,35.249942454,44.250327666,20.249909346,2013
1418,33.249921146,47.250018334,16.249695801,2013
1419,34.000114514,50.500033259,13.749913624,2013
1420,35.000068238,52.999883350,13.250055161,2013
1421,36.750112620,53.249840063,14.000149242,2013
1422,39.250021913,54.249701421,14.500295751,2013
1423,41.000041798,52.999914974,14.500308162,2013
1424,41.749941233,51.999701261,16.000323022,2013
1425,41.749917042,51.749873494,18.250317774,2013
1426,40.250018837,52.999795864,19.500348722,2013
1427,38.750019011,54.249789955,19.250408463,2013
1428,38.750058713,56.749600051,19.000142258,2013
1429,37.250046414,58.499714391,20.250183164,2013
1430,34.749955937,60.499740312,21.250325250,2013
1431,32.750021616,62.249943711,21.500271686,2013
1432,31.249972990,60.250074816,25.750152670,2013
1433,30.249983188,55.749954865,32.249415789,2013
1434,29.249878635,48.000051727,39.999455906,2013
1435,29.750000702,44.250159976,45.499968550,2013
1436,29.250000550,37.250114729,46.250008850,2013
1437,28.500014121,34.250256050,48.000122827,2013
1438,27.499956844,29.750146701,48.750054535,2013
1439,27.749894710,28.500106991,48.500200879,2013
1440,27.499975440,28.500062532,50.750225225,2013
1441,28.499884920,26.750000230,50.500239662,2013
1442,28.249894629,26.999913639,48.000167722,2013
1443,27.999841502,25.999963347,44.750115666,2013
1444,28.499866377,24.749994036,41.250134529,2013
1445,29.499926158,24.749934779,37.000106159,2013
1446,30.249975488,26.250005715,33.249953691,2013
1447,31.499975382,27.999972290,30.749899074,2013
1448,31.499997572,32.499999259,29.499909129,2013
1449,31.249997544,34.999929686,28.749917222,2013
1450,31.000043426,39.749980194,28.999923882,2013
1451,30.749997508,43.249982723,29.499956693,2013
1452,31.249932569,45.999951912,27.750163964,2013
1453,30.750116799,49.250047171,24.250002430,2013
1454,31.500039923,52.250037696,21.750005029,2013
1455,33.500141371,53.250037123,20.250005017,2013
1456,35.000073615,52.499921623,18.000032360,2013
1457,35.750119052,51.999898335,17.750032458,2013
1458,37.000018052,51.249876143,17.250017212,2013
1459,37.500002990,49.999863739,16.500045096,2013
1460,37.999987543,50.249843742,14.750069792,2013
1461,38.249960325,50.999826687,13.500143874,2013
1462,38.499962949,50.249790386,12.000020564,2013
1463,39.999975297,52.249817904,9.749972120,2013
1464,41.499987496,52.999934198,6.500073406,2013
1465,42.249840181,53.249860182,3.499959797,2013
1466,42.499910458,52.250020206,3.749944740,2013
1467,41.999885607,49.250157967,7.749944825,2013
1468,39.499867362,46.500064587,12.000345997,2013
1469,39.499904107,45.250110082,17.750030551,2013
1470,39.499858564,42.000082673,25.250251071,2013
1471,39.249796357,38.750180868,31.000306226,2013
1472,39.499959947,36.500028171,37.249446961,2013
1473,39.999941471,35.499982260,41.500119855,2013
1474,40.749904982,31.749975553,45.249988502,2013
1475,39.749867068,31.000413463,48.250374390,2013
1476,39.750000718,28.250301199,50.750258243,2013
1477,38.250043705,30.000251861,50.500285416,2013
1478,36.249894638,29.249825751,50.500159581,2013
1479,34.749945731,30.249697259,48.750137385,2013
1480,34.999973418,31.999764675,46.750241369,2013
1481,35.749994466,35.499742845,40.500164903,2013
1482,36.250007444,37.000229982,35.250109873,2013
1483,36.750018952,39.249466988,29.500125716,2013
1484,37.000062215,41.749650861,26.250152988,2013
1485,37.250276205,44.999375750,24.500067680,2013
1486,38.250570049,42.249354804,24.749929901,2013
1487,39.250422669,38.999743168,27.499907919,2013
1488,40.750026007,37.000284337,33.749886867,2013
1489,41.499555147,35.000494135,38.749973546,2013
1490,41.999955618,32.750013026,44.000375873,2013
1491,41.000065668,31.250037729,47.500455390,2013
1492,40.250139026,26.499995830,53.250403939,2013
1493,40.000025821,25.250013380,57.250522762,2013
1494,39.500154260,23.500037520,61.750623478,2013
1495,38.500117214,20.750041807,69.000568957,2013
1496,37.500053156,17.249993771,77.500596895,2013
1497,35.749900202,15.750006019,82.500621634,2013
1498,33.999960981,15.000012750,86.750520918,2013
1499,32.250235929,12.749878551,91.250826794,2013
1500,30.750410418,9.999768276,95.250313617,2013
1501,29.750147845,8.750002785,97.750932774,2013
1502,30.499820523,7.499966731,97.500963238,2013
1503,30.999741068,7.250012234,96.500497106,2013
1504,32.749620021,6.750024525,95.250129586,2013
1505,34.999676971,6.500055231,91.999726977,2013
1506,37.999643608,6.999988484,89.249442970,2013
1507,41.249613437,8.250208557,82.249723552,2013
1508,44.249522771,10.000112094,76.999442782,2013
1509,45.749496880,11.500120692,70.499741459,2013
1510,47.499499742,12.750183286,63.499210838,2013
1511,49.499265487,14.000291056,57.250228076,2013
1512,51.249615409,15.250643562,52.250395436,2013
1513,53.249910591,16.000662214,48.500284953,2013
1514,57.999935674,15.500219936,46.000319151,2013
1515,61.999863868,11.250168859,47.750491569,2013
1516,62.999754064,8.250039344,53.750340753,2013
1517,62.749769252,4.499848208,56.500449764,2013
1518,64.249784830,4.250012497,57.500573880,2013
1519,67.249776164,5.499994492,50.249681027,2013
1520,69.749805503,5.500009643,45.250482721,2013
1521,70.999811531,9.750085801,38.500212797,2013
1522,71.249715797,16.000443693,29.250363879,2013
1523,70.999570932,21.250189229,23.500180229,2013
1524,70.999659935,23.750369521,22.000056657,2013
1525,73.749677055,23.000533640,22.750003215,2013
1526,74.999728594,22.999981469,23.500032652,2013
1527,74.749821469,22.500091645,25.500029067,2013
1528,74.999823921,21.249996001,25.500119546,2013
1529,72.499763696,21.249917683,25.500203807,2013
1530,70.999935380,21.000071767,24.250019576,2013
1531,72.249916483,20.500274430,22.750008483,2013
1532,73.249806335,18.500314927,24.500159629,2013
1533,72.999764202,17.250205922,28.250310206,2013
1534,71.499185243,18.250238757,30.500501152,2013
1535,68.248635609,21.500326062,30.000381500,2013
1536,64.248266108,23.500381551,29.500400697,2013
1537,61.748316905,23.250270121,28.750511385,2013
1538,61.248246486,23.750187438,28.500682695,2013
1539,61.497805757,22.750079951,28.500918787,2013
1540,62.497716750,21.249930615,28.751119619,2013
1541,64.997732361,20.999954166,29.000939045,2013
1542,67.248560274,22.499926251,30.500687923,2013
1543,69.248772046,20.250077657,34.500245564,2013
1544,68.748585067,19.000061722,38.750521337,2013
1545,68.748260627,20.500105208,38.000475485,2013
1546,69.499205497,24.500232578,35.250643262,2013
1547,70.749532952,27.500119591,31.250529935,2013
1548,71.749736186,30.000025615,29.000146300,2013
1549,73.749805328,31.250418803,28.500078320,2013
1550,75.999964150,30.000937777,28.500035304,2013
1551,79.249909715,28.249269861,28.000032362,2013
1552,81.749739550,26.250770917,29.249851850,2013
1553,82.250166000,24.750374537,31.499579217,2013
1554,80.998855408,22.500058269,34.999404997,2013
1555,81.249707224,18.000088401,38.749404838,2013
1556,82.500006755,15.250186559,41.749472191,2013
1557,84.999976088,11.500149706,42.749746402,2013
1558,86.749771665,10.750161954,43.249938840,2013
1559,88.500090334,8.750088492,42.750737604,2013
1560,92.500224443,8.000033304,41.000119440,2013
1561,95.249481393,8.000015166,37.750079401,2013
1562,99.499764572,7.999987655,34.250134838,2013
1563,103.749796279,7.749984881,30.500242338,2013
1564,107.749954654,7.000014928,27.500321992,2013
1565,110.999631749,3.999999830,27.750254419,2013
1566,113.249936562,2.749999921,26.750331411,2013
1567,115.499645621,3.000011968,23.000119830,2013
1568,118.999305630,4.750011880,19.250064634,2013
1569,121.499816067,5.250030211,17.250052465,2013
1570,121.750168546,4.750042619,17.750033944,2013
1571,123.499326476,3.750042717,18.250064539,2013
1572,125.749485832,4.000042621,17.500064627,2013
1573,128.000093472,4.000012116,14.749984918,2013
1574,128.000215811,4.000012182,14.250000014,2013
1575,127.249560297,3.749999958,13.250000049,2013
1576,128.499111798,4.249999920,11.999972538,2013
1577,130.499357093,4.249999927,11.000000217,2013
1578,130.999823985,3.499987744,8.749984736,2013
1579,133.749369274,3.250012173,7.250000171,2013
1580,135.749641863,1.750012077,7.750000135,2013
1581,133.749738659,1.749999969,7.750015499,2013
1582,127.749400112,5.500006025,9.250070182,2013
1583,120.249394219,8.750261169,12.500177429,2013
1584,109.749363593,11.750319556,17.500164692,2013
1585,98.499606651,14.250377486,23.000068567,2013
