"f_year","groups","year","seg_urban_perc"
2001,"[0,10)",2001,0.2547404865
2001,"[10,20)",2001,0.1314039193
2001,"[20,30)",2001,0.0834207936
2001,"[30,40)",2001,0.0529535215
2001,"[40,50)",2001,0.0439948786
2001,"[50,60)",2001,0.0148104754
2001,"[60,70)",2001,0.0090125832
2001,"[70,80)",2001,0.003671486
2001,"[80,90)",2001,0.0299956945
2001,"[90,100)",2001,0.1229808634
2001,"[100,110)",2001,0.0547339384
2001,"[110,120)",2001,0.0078417114
2001,"[120,130)",2001,0.0016113176
2001,"[130,140)",2001,0.0132803901
2001,"[140,150)",2001,0.3457052558
2001,"[150,160)",2001,0.3709521262
2001,"[160,170)",2001,0.0311745822
2001,"[170,180)",2001,0.0315233873
2001,"[180,190)",2001,0.0549120713
2001,"[190,200)",2001,0.0396426849
2001,"[200,210)",2001,0.0315848627
2001,"[210,220)",2001,0.0056379047
2001,"[220,230)",2001,0.011973964
2001,"[230,240)",2001,0.0944373389
2001,"[240,250)",2001,0.0108620405
2001,"[250,260)",2001,0.0011695767
2001,"[260,270)",2001,0.0095169014
2001,"[270,280)",2001,0.0037594436
2001,"[280,290)",2001,0
2001,"[290,300)",2001,0.0268002061
2001,"[300,310)",2001,0.0759521226
2001,"[310,320)",2001,0
2001,"[320,330)",2001,0.0014257591
2001,"[330,340)",2001,0.00744045
2001,"[340,350)",2001,0.0099740769
2001,"[350,360)",2001,0.0013930323
2001,"[360,370)",2001,0.0920432766
2001,"[370,380)",2001,0.0478178273
2001,"[380,390)",2001,0.1138636424
2001,"[390,400)",2001,0.0101356732
2001,"[400,410)",2001,0.0063285936
2001,"[410,420)",2001,0.0082094409
2001,"[420,430)",2001,0.0444167302
2001,"[430,440)",2001,0.097836882
2001,"[440,450)",2001,0.0027781009
2001,"[450,460)",2001,0.0015474363
2001,"[460,470)",2001,0.0094207829
2001,"[470,480)",2001,0.0634740837
2001,"[480,490)",2001,0.0684712912
2001,"[490,500)",2001,0.0107234582
2001,"[500,510)",2001,0.0136958248
2001,"[510,520)",2001,0.0037605418
2001,"[520,530)",2001,0.0275458586
2001,"[530,540)",2001,0.0204160076
2001,"[540,550)",2001,0.000184039
2001,"[550,560)",2001,0.0009212772
2001,"[560,570)",2001,0.0565895914
2001,"[570,580)",2001,0.0748549989
2001,"[580,590)",2001,0.1531925001
2001,"[590,600)",2001,0.5962507911
2001,"[600,610)",2001,0.9532292974
2001,"[610,620)",2001,0.7689866502
2001,"[620,630)",2001,0.3947111041
2001,"[630,640)",2001,0.2205746514
2001,"[640,650)",2001,0.0933507192
2001,"[650,660)",2001,0.0892573064
2001,"[660,670)",2001,0.0148310483
2001,"[670,680)",2001,0.0337126803
2001,"[680,690)",2001,0.0661131104
2001,"[690,700)",2001,0.4394246131
2001,"[700,710)",2001,0.2561729504
2001,"[710,720)",2001,0.018255162
2001,"[720,730)",2001,0.0555237333
2001,"[730,740)",2001,0.2926875106
2001,"[740,750)",2001,0.1171904899
2001,"[750,760)",2001,0.0447596597
2001,"[760,770)",2001,0.0567036331
2001,"[770,780)",2001,0.0339342104
2001,"[780,790)",2001,0.0397015736
2001,"[790,800)",2001,0.0680191883
2001,"[800,810)",2001,0.155763401
2001,"[810,820)",2001,0.0727366907
2001,"[820,830)",2001,0.0146585094
2001,"[830,840)",2001,0.0030444356
2001,"[840,850)",2001,0.1143866048
2001,"[850,860)",2001,0.485805451
2001,"[860,870)",2001,0.2145992282
2001,"[870,880)",2001,0.024444586
2001,"[880,890)",2001,0.0631154155
2001,"[890,900)",2001,0.0129263774
2001,"[900,910)",2001,0.0257153722
2001,"[910,920)",2001,0.0431882317
2001,"[920,930)",2001,0.0138453145
2001,"[930,940)",2001,0.0056530404
2001,"[940,950)",2001,0.0109367947
2001,"[950,960)",2001,0.0044635265
2001,"[960,970)",2001,0.0160320412
2001,"[970,980)",2001,0.0092025905
2001,"[980,990)",2001,0
2001,"[990,1000)",2001,0.0023881148
2001,"[1000,1010)",2001,0.2101632158
2001,"[1010,1020)",2001,0.2364498236
2001,"[1020,1030)",2001,0.0343246734
2001,"[1030,1040)",2001,0.0003806914
2001,"[1040,1050)",2001,0.0449431256
2001,"[1050,1060)",2001,0.0056404986
2001,"[1060,1070)",2001,0.0675675601
2001,"[1070,1080)",2001,0.017787537
2001,"[1080,1090)",2001,0
2001,"[1090,1100)",2001,0.0210503805
2001,"[1100,1110)",2001,0.1422596269
2001,"[1110,1120)",2001,0.1836198207
2001,"[1120,1130)",2001,0.0058377985
2001,"[1130,1140)",2001,0
2001,"[1140,1150)",2001,0.000187843
2001,"[1150,1160)",2001,0.0352855305
2001,"[1160,1170)",2001,0.0200066459
2001,"[1170,1180)",2001,0.0064322074
2001,"[1180,1190)",2001,0.0192889744
2001,"[1190,1200)",2001,0.0534680067
2001,"[1200,1210)",2001,0.4052423376
2001,"[1210,1220)",2001,0.4830344482
2001,"[1220,1230)",2001,0.1865651438
2001,"[1230,1240)",2001,0.0343745153
2001,"[1240,1250)",2001,0.2400603448
2001,"[1250,1260)",2001,0.4404237949
2001,"[1260,1270)",2001,0.1897993927
2001,"[1270,1280)",2001,0.1107644267
2001,"[1280,1290)",2001,0.3352462874
2001,"[1290,1300)",2001,0.484765487
2001,"[1300,1310)",2001,0.7186078242
2001,"[1310,1320)",2001,0.5762056285
2001,"[1320,1330)",2001,0.3271043893
2001,"[1330,1340)",2001,0.2119587149
2001,"[1340,1350)",2001,0.1024861995
2001,"[1350,1360)",2001,0.2333013616
2001,"[1360,1370)",2001,0.0829772637
2001,"[1370,1380)",2001,0.1461170993
2001,"[1380,1390)",2001,0.2697068995
2001,"[1390,1400)",2001,0.2292444314
2001,"[1400,1410)",2001,0.3099248092
2001,"[1410,1420)",2001,0.1760766139
2001,"[1420,1430)",2001,0.0535561327
2001,"[1430,1440)",2001,0.2158918815
2001,"[1440,1450)",2001,0.1633790035
2001,"[1450,1460)",2001,0.0585860588
2001,"[1460,1470)",2001,0.0436361853
2001,"[1470,1480)",2001,0.2346027206
2001,"[1480,1490)",2001,0.1299045806
2001,"[1490,1500)",2001,0.4098491745
2002,"[0,10)",2002,0.2600194911
2002,"[10,20)",2002,0.132975937
2002,"[20,30)",2002,0.0848503579
2002,"[30,40)",2002,0.054056544
2002,"[40,50)",2002,0.0440759901
2002,"[50,60)",2002,0.0148271237
2002,"[60,70)",2002,0.0090278776
2002,"[70,80)",2002,0.0036801475
2002,"[80,90)",2002,0.0300368531
2002,"[90,100)",2002,0.1229808634
2002,"[100,110)",2002,0.0547339384
2002,"[110,120)",2002,0.0078417114
2002,"[120,130)",2002,0.0016113176
2002,"[130,140)",2002,0.0132803901
2002,"[140,150)",2002,0.3457052558
2002,"[150,160)",2002,0.3713331956
2002,"[160,170)",2002,0.0311745822
2002,"[170,180)",2002,0.0315233873
2002,"[180,190)",2002,0.0549120713
2002,"[190,200)",2002,0.0396426849
2002,"[200,210)",2002,0.0315848627
2002,"[210,220)",2002,0.0056379047
2002,"[220,230)",2002,0.012176656
2002,"[230,240)",2002,0.096406028
2002,"[240,250)",2002,0.0120374369
2002,"[250,260)",2002,0.0011695767
2002,"[260,270)",2002,0.0095169014
2002,"[270,280)",2002,0.0037594436
2002,"[280,290)",2002,0
2002,"[290,300)",2002,0.0268002061
2002,"[300,310)",2002,0.0759521226
2002,"[310,320)",2002,0
2002,"[320,330)",2002,0.0014257591
2002,"[330,340)",2002,0.00744045
2002,"[340,350)",2002,0.0099740769
2002,"[350,360)",2002,0.0013930323
2002,"[360,370)",2002,0.0936057652
2002,"[370,380)",2002,0.0484831193
2002,"[380,390)",2002,0.114949912
2002,"[390,400)",2002,0.0101356732
2002,"[400,410)",2002,0.0063285936
2002,"[410,420)",2002,0.0082094409
2002,"[420,430)",2002,0.0444167302
2002,"[430,440)",2002,0.097836882
2002,"[440,450)",2002,0.0027781009
2002,"[450,460)",2002,0.001550435
2002,"[460,470)",2002,0.0094263126
2002,"[470,480)",2002,0.0634740837
2002,"[480,490)",2002,0.0684737642
2002,"[490,500)",2002,0.0107234585
2002,"[500,510)",2002,0.0136867124
2002,"[510,520)",2002,0.0037605418
2002,"[520,530)",2002,0.0275458586
2002,"[530,540)",2002,0.0204160076
2002,"[540,550)",2002,0.000184039
2002,"[550,560)",2002,0.0009212772
2002,"[560,570)",2002,0.0565895914
2002,"[570,580)",2002,0.0748549989
2002,"[580,590)",2002,0.1554133482
2002,"[590,600)",2002,0.602186318
2002,"[600,610)",2002,0.9534252598
2002,"[610,620)",2002,0.7723715516
2002,"[620,630)",2002,0.3985178532
2002,"[630,640)",2002,0.2291639594
2002,"[640,650)",2002,0.0953236291
2002,"[650,660)",2002,0.0908969228
2002,"[660,670)",2002,0.0150693233
2002,"[670,680)",2002,0.0354315677
2002,"[680,690)",2002,0.0661476731
2002,"[690,700)",2002,0.4433162219
2002,"[700,710)",2002,0.2623474462
2002,"[710,720)",2002,0.0184655291
2002,"[720,730)",2002,0.0555237333
2002,"[730,740)",2002,0.2945007996
2002,"[740,750)",2002,0.1181992607
2002,"[750,760)",2002,0.0460774404
2002,"[760,770)",2002,0.0581109105
2002,"[770,780)",2002,0.0346779787
2002,"[780,790)",2002,0.0432958468
2002,"[790,800)",2002,0.0690461574
2002,"[800,810)",2002,0.1576236053
2002,"[810,820)",2002,0.0735472277
2002,"[820,830)",2002,0.0146585094
2002,"[830,840)",2002,0.0030444356
2002,"[840,850)",2002,0.114851001
2002,"[850,860)",2002,0.485805451
2002,"[860,870)",2002,0.2145992282
2002,"[870,880)",2002,0.024444586
2002,"[880,890)",2002,0.0631154155
2002,"[890,900)",2002,0.0129263774
2002,"[900,910)",2002,0.0261314028
2002,"[910,920)",2002,0.0480917301
2002,"[920,930)",2002,0.0171279235
2002,"[930,940)",2002,0.0056530404
2002,"[940,950)",2002,0.0109367947
2002,"[950,960)",2002,0.0044635265
2002,"[960,970)",2002,0.0160320412
2002,"[970,980)",2002,0.0092025905
2002,"[980,990)",2002,0
2002,"[990,1000)",2002,0.0023881148
2002,"[1000,1010)",2002,0.2105347446
2002,"[1010,1020)",2002,0.2386875665
2002,"[1020,1030)",2002,0.0364001356
2002,"[1030,1040)",2002,0.0005710371
2002,"[1040,1050)",2002,0.0449431256
2002,"[1050,1060)",2002,0.0056404986
2002,"[1060,1070)",2002,0.0677106069
2002,"[1070,1080)",2002,0.0178225031
2002,"[1080,1090)",2002,0
2002,"[1090,1100)",2002,0.0210503805
2002,"[1100,1110)",2002,0.1443499605
2002,"[1110,1120)",2002,0.1842621914
2002,"[1120,1130)",2002,0.0058377985
2002,"[1130,1140)",2002,0
2002,"[1140,1150)",2002,0.000187843
2002,"[1150,1160)",2002,0.0352855305
2002,"[1160,1170)",2002,0.0215615104
2002,"[1170,1180)",2002,0.0085763224
2002,"[1180,1190)",2002,0.0196685684
2002,"[1190,1200)",2002,0.0544106389
2002,"[1200,1210)",2002,0.4134920135
2002,"[1210,1220)",2002,0.4885319725
2002,"[1220,1230)",2002,0.1896837666
2002,"[1230,1240)",2002,0.0352233654
2002,"[1240,1250)",2002,0.244984107
2002,"[1250,1260)",2002,0.4454656443
2002,"[1260,1270)",2002,0.1902187175
2002,"[1270,1280)",2002,0.1117910744
2002,"[1280,1290)",2002,0.3434609457
2002,"[1290,1300)",2002,0.4904224574
2002,"[1300,1310)",2002,0.7226649223
2002,"[1310,1320)",2002,0.5781641132
2002,"[1320,1330)",2002,0.3272980611
2002,"[1330,1340)",2002,0.2123486877
2002,"[1340,1350)",2002,0.1058567621
2002,"[1350,1360)",2002,0.2357021788
2002,"[1360,1370)",2002,0.0849213253
2002,"[1370,1380)",2002,0.1483392122
2002,"[1380,1390)",2002,0.2699063566
2002,"[1390,1400)",2002,0.2301229416
2002,"[1400,1410)",2002,0.3167681605
2002,"[1410,1420)",2002,0.1828800603
2002,"[1420,1430)",2002,0.0575393966
2002,"[1430,1440)",2002,0.2200160024
2002,"[1440,1450)",2002,0.1692994146
2002,"[1450,1460)",2002,0.0667971892
2002,"[1460,1470)",2002,0.0440744358
2002,"[1470,1480)",2002,0.2434243399
2002,"[1480,1490)",2002,0.1353266603
2002,"[1490,1500)",2002,0.4176751351
2003,"[0,10)",2003,0.2640617911
2003,"[10,20)",2003,0.1465338725
2003,"[20,30)",2003,0.0893137178
2003,"[30,40)",2003,0.0567745453
2003,"[40,50)",2003,0.049058943
2003,"[50,60)",2003,0.0184527531
2003,"[60,70)",2003,0.0090278776
2003,"[70,80)",2003,0.0036801474
2003,"[80,90)",2003,0.0300368531
2003,"[90,100)",2003,0.1255520986
2003,"[100,110)",2003,0.0572983883
2003,"[110,120)",2003,0.0078417114
2003,"[120,130)",2003,0.0016113176
2003,"[130,140)",2003,0.0132803901
2003,"[140,150)",2003,0.3468542952
2003,"[150,160)",2003,0.3917145254
2003,"[160,170)",2003,0.033963309
2003,"[170,180)",2003,0.0354641561
2003,"[180,190)",2003,0.0598964833
2003,"[190,200)",2003,0.0414097765
2003,"[200,210)",2003,0.0326855617
2003,"[210,220)",2003,0.0056379047
2003,"[220,230)",2003,0.012176656
2003,"[230,240)",2003,0.0985679772
2003,"[240,250)",2003,0.0120374369
2003,"[250,260)",2003,0.0011695767
2003,"[260,270)",2003,0.0095169014
2003,"[270,280)",2003,0.0037594436
2003,"[280,290)",2003,0
2003,"[290,300)",2003,0.0268002061
2003,"[300,310)",2003,0.0759521227
2003,"[310,320)",2003,0
2003,"[320,330)",2003,0.0014257591
2003,"[330,340)",2003,0.00744045
2003,"[340,350)",2003,0.0099740769
2003,"[350,360)",2003,0.0013930323
2003,"[360,370)",2003,0.09516815
2003,"[370,380)",2003,0.0495652261
2003,"[380,390)",2003,0.1162464335
2003,"[390,400)",2003,0.0101356732
2003,"[400,410)",2003,0.0063285936
2003,"[410,420)",2003,0.0082205398
2003,"[420,430)",2003,0.0444167302
2003,"[430,440)",2003,0.097836882
2003,"[440,450)",2003,0.0027781009
2003,"[450,460)",2003,0.0015504351
2003,"[460,470)",2003,0.0094263126
2003,"[470,480)",2003,0.0634740837
2003,"[480,490)",2003,0.0684737642
2003,"[490,500)",2003,0.0107040167
2003,"[500,510)",2003,0.0136705985
2003,"[510,520)",2003,0.0037605418
2003,"[520,530)",2003,0.0275458586
2003,"[530,540)",2003,0.0204160077
2003,"[540,550)",2003,0.000184039
2003,"[550,560)",2003,0.0009212772
2003,"[560,570)",2003,0.0579206004
2003,"[570,580)",2003,0.0786708978
2003,"[580,590)",2003,0.1563914084
2003,"[590,600)",2003,0.6062776175
2003,"[600,610)",2003,0.9538171223
2003,"[610,620)",2003,0.77675009
2003,"[620,630)",2003,0.4013931749
2003,"[630,640)",2003,0.2423373369
2003,"[640,650)",2003,0.0986948351
2003,"[650,660)",2003,0.0908969228
2003,"[660,670)",2003,0.0150693233
2003,"[670,680)",2003,0.0354315677
2003,"[680,690)",2003,0.0674560059
2003,"[690,700)",2003,0.4497291169
2003,"[700,710)",2003,0.2721223475
2003,"[710,720)",2003,0.0195277122
2003,"[720,730)",2003,0.0557305865
2003,"[730,740)",2003,0.2957327976
2003,"[740,750)",2003,0.1202138994
2003,"[750,760)",2003,0.0470298065
2003,"[760,770)",2003,0.0581109106
2003,"[770,780)",2003,0.0346779787
2003,"[780,790)",2003,0.0441772056
2003,"[790,800)",2003,0.071229693
2003,"[800,810)",2003,0.1576236053
2003,"[810,820)",2003,0.0735472277
2003,"[820,830)",2003,0.0146585094
2003,"[830,840)",2003,0.0030444355
2003,"[840,850)",2003,0.1162795365
2003,"[850,860)",2003,0.4892833243
2003,"[860,870)",2003,0.2147951545
2003,"[870,880)",2003,0.0246510057
2003,"[880,890)",2003,0.0651534402
2003,"[890,900)",2003,0.0133496451
2003,"[900,910)",2003,0.0267559091
2003,"[910,920)",2003,0.0521620522
2003,"[920,930)",2003,0.0182410148
2003,"[930,940)",2003,0.0056530404
2003,"[940,950)",2003,0.0109367947
2003,"[950,960)",2003,0.0044635266
2003,"[960,970)",2003,0.0160320412
2003,"[970,980)",2003,0.0092025905
2003,"[980,990)",2003,0
2003,"[990,1000)",2003,0.0023881148
2003,"[1000,1010)",2003,0.2107205121
2003,"[1010,1020)",2003,0.2396706643
2003,"[1020,1030)",2003,0.0363401692
2003,"[1030,1040)",2003,0.0005710371
2003,"[1040,1050)",2003,0.0449431255
2003,"[1050,1060)",2003,0.0056404986
2003,"[1060,1070)",2003,0.0696126964
2003,"[1070,1080)",2003,0.0224867944
2003,"[1080,1090)",2003,0.0019632871
2003,"[1090,1100)",2003,0.0216646862
2003,"[1100,1110)",2003,0.1454270654
2003,"[1110,1120)",2003,0.1846914657
2003,"[1120,1130)",2003,0.0058377985
2003,"[1130,1140)",2003,0
2003,"[1140,1150)",2003,0.000187843
2003,"[1150,1160)",2003,0.0366007496
2003,"[1160,1170)",2003,0.0277000319
2003,"[1170,1180)",2003,0.0150084947
2003,"[1180,1190)",2003,0.0206173481
2003,"[1190,1200)",2003,0.0546463025
2003,"[1200,1210)",2003,0.4238179018
2003,"[1210,1220)",2003,0.4924189552
2003,"[1220,1230)",2003,0.1989722894
2003,"[1230,1240)",2003,0.0462035163
2003,"[1240,1250)",2003,0.2544375597
2003,"[1250,1260)",2003,0.4494588931
2003,"[1260,1270)",2003,0.1938064732
2003,"[1270,1280)",2003,0.1221238517
2003,"[1280,1290)",2003,0.3544143084
2003,"[1290,1300)",2003,0.5071948424
2003,"[1300,1310)",2003,0.7311624206
2003,"[1310,1320)",2003,0.5871723943
2003,"[1320,1330)",2003,0.3313275288
2003,"[1330,1340)",2003,0.2271798376
2003,"[1340,1350)",2003,0.1232390454
2003,"[1350,1360)",2003,0.2541937625
2003,"[1360,1370)",2003,0.0981780269
2003,"[1370,1380)",2003,0.1647126005
2003,"[1380,1390)",2003,0.2894971652
2003,"[1390,1400)",2003,0.234323103
2003,"[1400,1410)",2003,0.3307943736
2003,"[1410,1420)",2003,0.2018771422
2003,"[1420,1430)",2003,0.0623975298
2003,"[1430,1440)",2003,0.2234861176
2003,"[1440,1450)",2003,0.1764317432
2003,"[1450,1460)",2003,0.0781795291
2003,"[1460,1470)",2003,0.0493953515
2003,"[1470,1480)",2003,0.2695299712
2003,"[1480,1490)",2003,0.1654823693
2003,"[1490,1500)",2003,0.4240744409
2004,"[0,10)",2004,0.2645889985
2004,"[10,20)",2004,0.1465338725
2004,"[20,30)",2004,0.0893137178
2004,"[30,40)",2004,0.0567745454
2004,"[40,50)",2004,0.0490589431
2004,"[50,60)",2004,0.018452753
2004,"[60,70)",2004,0.0090278776
2004,"[70,80)",2004,0.0036801475
2004,"[80,90)",2004,0.0300368531
2004,"[90,100)",2004,0.1255520986
2004,"[100,110)",2004,0.0572983883
2004,"[110,120)",2004,0.0078417114
2004,"[120,130)",2004,0.0016113176
2004,"[130,140)",2004,0.0132803901
2004,"[140,150)",2004,0.3468542952
2004,"[150,160)",2004,0.3917145254
2004,"[160,170)",2004,0.0339633092
2004,"[170,180)",2004,0.0364014634
2004,"[180,190)",2004,0.0609663054
2004,"[190,200)",2004,0.0414097765
2004,"[200,210)",2004,0.0326855617
2004,"[210,220)",2004,0.0056379047
2004,"[220,230)",2004,0.012176656
2004,"[230,240)",2004,0.0985679772
2004,"[240,250)",2004,0.0120374369
2004,"[250,260)",2004,0.0011695767
2004,"[260,270)",2004,0.0095169014
2004,"[270,280)",2004,0.0037594436
2004,"[280,290)",2004,0
2004,"[290,300)",2004,0.0268002061
2004,"[300,310)",2004,0.0759521226
2004,"[310,320)",2004,0
2004,"[320,330)",2004,0.0014257591
2004,"[330,340)",2004,0.00744045
2004,"[340,350)",2004,0.0099740769
2004,"[350,360)",2004,0.0013930323
2004,"[360,370)",2004,0.09516815
2004,"[370,380)",2004,0.0495652261
2004,"[380,390)",2004,0.1162464335
2004,"[390,400)",2004,0.0101356732
2004,"[400,410)",2004,0.0063285936
2004,"[410,420)",2004,0.0082205398
2004,"[420,430)",2004,0.0444167302
2004,"[430,440)",2004,0.097836882
2004,"[440,450)",2004,0.0027781009
2004,"[450,460)",2004,0.001550435
2004,"[460,470)",2004,0.0094263126
2004,"[470,480)",2004,0.0634740837
2004,"[480,490)",2004,0.0684737642
2004,"[490,500)",2004,0.0107040167
2004,"[500,510)",2004,0.0136705986
2004,"[510,520)",2004,0.0037605418
2004,"[520,530)",2004,0.0275458586
2004,"[530,540)",2004,0.0204160076
2004,"[540,550)",2004,0.000184039
2004,"[550,560)",2004,0.0009212772
2004,"[560,570)",2004,0.0586798129
2004,"[570,580)",2004,0.0802041221
2004,"[580,590)",2004,0.1591877678
2004,"[590,600)",2004,0.6138222799
2004,"[600,610)",2004,0.9540165982
2004,"[610,620)",2004,0.7795371392
2004,"[620,630)",2004,0.4025583446
2004,"[630,640)",2004,0.2433087033
2004,"[640,650)",2004,0.0988923233
2004,"[650,660)",2004,0.0908969228
2004,"[660,670)",2004,0.0152724272
2004,"[670,680)",2004,0.0366141012
2004,"[680,690)",2004,0.0674560059
2004,"[690,700)",2004,0.4530379561
2004,"[700,710)",2004,0.2781057148
2004,"[710,720)",2004,0.0203754251
2004,"[720,730)",2004,0.0557305865
2004,"[730,740)",2004,0.2959322635
2004,"[740,750)",2004,0.1222288583
2004,"[750,760)",2004,0.0477933994
2004,"[760,770)",2004,0.0581109105
2004,"[770,780)",2004,0.0354217467
2004,"[780,790)",2004,0.0473109863
2004,"[790,800)",2004,0.0728747979
2004,"[800,810)",2004,0.1591077639
2004,"[810,820)",2004,0.0745702263
2004,"[820,830)",2004,0.0146585094
2004,"[830,840)",2004,0.0030444356
2004,"[840,850)",2004,0.1162795365
2004,"[850,860)",2004,0.4892833244
2004,"[860,870)",2004,0.2147951545
2004,"[870,880)",2004,0.0246510057
2004,"[880,890)",2004,0.0692309533
2004,"[890,900)",2004,0.0148355383
2004,"[900,910)",2004,0.0267559091
2004,"[910,920)",2004,0.0521620522
2004,"[920,930)",2004,0.0182410148
2004,"[930,940)",2004,0.0056530404
2004,"[940,950)",2004,0.0109367947
2004,"[950,960)",2004,0.0044635265
2004,"[960,970)",2004,0.0160320412
2004,"[970,980)",2004,0.0092025905
2004,"[980,990)",2004,0
2004,"[990,1000)",2004,0.0023881148
2004,"[1000,1010)",2004,0.2107205121
2004,"[1010,1020)",2004,0.2421012146
2004,"[1020,1030)",2004,0.0394520641
2004,"[1030,1040)",2004,0.0005710371
2004,"[1040,1050)",2004,0.0459571716
2004,"[1050,1060)",2004,0.0056404986
2004,"[1060,1070)",2004,0.0702469668
2004,"[1070,1080)",2004,0.0241176893
2004,"[1080,1090)",2004,0.0019632871
2004,"[1090,1100)",2004,0.0224747715
2004,"[1100,1110)",2004,0.1519798194
2004,"[1110,1120)",2004,0.1902554557
2004,"[1120,1130)",2004,0.0070705662
2004,"[1130,1140)",2004,0.0001896241
2004,"[1140,1150)",2004,0.0028180362
2004,"[1150,1160)",2004,0.0399666318
2004,"[1160,1170)",2004,0.0278994898
2004,"[1170,1180)",2004,0.0150084947
2004,"[1180,1190)",2004,0.0206173482
2004,"[1190,1200)",2004,0.0546463025
2004,"[1200,1210)",2004,0.4297028482
2004,"[1210,1220)",2004,0.5004165048
2004,"[1220,1230)",2004,0.2175958253
2004,"[1230,1240)",2004,0.0518326904
2004,"[1240,1250)",2004,0.2552993842
2004,"[1250,1260)",2004,0.4498801081
2004,"[1260,1270)",2004,0.1965647448
2004,"[1270,1280)",2004,0.1302027648
2004,"[1280,1290)",2004,0.3589196664
2004,"[1290,1300)",2004,0.5136271117
2004,"[1300,1310)",2004,0.7348400374
2004,"[1310,1320)",2004,0.5934498163
2004,"[1320,1330)",2004,0.335925783
2004,"[1330,1340)",2004,0.2517754565
2004,"[1340,1350)",2004,0.1495299929
2004,"[1350,1360)",2004,0.2650836249
2004,"[1360,1370)",2004,0.1053906937
2004,"[1370,1380)",2004,0.1738210824
2004,"[1380,1390)",2004,0.2993022236
2004,"[1390,1400)",2004,0.2399986687
2004,"[1400,1410)",2004,0.3424348164
2004,"[1410,1420)",2004,0.2090261474
2004,"[1420,1430)",2004,0.0694738473
2004,"[1430,1440)",2004,0.2263732243
2004,"[1440,1450)",2004,0.1936288896
2004,"[1450,1460)",2004,0.0948958077
2004,"[1460,1470)",2004,0.0516312344
2004,"[1470,1480)",2004,0.2821089954
2004,"[1480,1490)",2004,0.175584763
2004,"[1490,1500)",2004,0.4473242208
2005,"[0,10)",2005,0.2645889985
2005,"[10,20)",2005,0.1491734341
2005,"[20,30)",2005,0.0893137178
2005,"[30,40)",2005,0.0578883416
2005,"[40,50)",2005,0.0538583627
2005,"[50,60)",2005,0.0209896505
2005,"[60,70)",2005,0.0090125832
2005,"[70,80)",2005,0.0036749217
2005,"[80,90)",2005,0.0304185289
2005,"[90,100)",2005,0.1273981257
2005,"[100,110)",2005,0.0572983883
2005,"[110,120)",2005,0.0078417114
2005,"[120,130)",2005,0.0016113176
2005,"[130,140)",2005,0.0132803901
2005,"[140,150)",2005,0.3481864676
2005,"[150,160)",2005,0.3949621604
2005,"[160,170)",2005,0.0347074098
2005,"[170,180)",2005,0.0364014634
2005,"[180,190)",2005,0.0609663054
2005,"[190,200)",2005,0.0424748616
2005,"[200,210)",2005,0.0337861853
2005,"[210,220)",2005,0.0056379047
2005,"[220,230)",2005,0.012176656
2005,"[230,240)",2005,0.0985679772
2005,"[240,250)",2005,0.0120374369
2005,"[250,260)",2005,0.0011695767
2005,"[260,270)",2005,0.0095169014
2005,"[270,280)",2005,0.0037594436
2005,"[280,290)",2005,0
2005,"[290,300)",2005,0.0271703805
2005,"[300,310)",2005,0.0774606457
2005,"[310,320)",2005,0
2005,"[320,330)",2005,0.0014257591
2005,"[330,340)",2005,0.00744045
2005,"[340,350)",2005,0.0115674595
2005,"[350,360)",2005,0.0013930323
2005,"[360,370)",2005,0.09516815
2005,"[370,380)",2005,0.0495652261
2005,"[380,390)",2005,0.1162464335
2005,"[390,400)",2005,0.0101356732
2005,"[400,410)",2005,0.0063285936
2005,"[410,420)",2005,0.0082205398
2005,"[420,430)",2005,0.0444167302
2005,"[430,440)",2005,0.097836882
2005,"[440,450)",2005,0.0027781009
2005,"[450,460)",2005,0.0015474363
2005,"[460,470)",2005,0.0094207829
2005,"[470,480)",2005,0.0634740837
2005,"[480,490)",2005,0.0684712912
2005,"[490,500)",2005,0.0106839566
2005,"[500,510)",2005,0.0136635948
2005,"[510,520)",2005,0.0037605418
2005,"[520,530)",2005,0.0275458586
2005,"[530,540)",2005,0.0204160076
2005,"[540,550)",2005,0.000184039
2005,"[550,560)",2005,0.0009212772
2005,"[560,570)",2005,0.0586798129
2005,"[570,580)",2005,0.0802041221
2005,"[580,590)",2005,0.1601939616
2005,"[590,600)",2005,0.615669167
2005,"[600,610)",2005,0.9547920139
2005,"[610,620)",2005,0.7869050901
2005,"[620,630)",2005,0.4050781164
2005,"[630,640)",2005,0.2481059716
2005,"[640,650)",2005,0.0994859782
2005,"[650,660)",2005,0.0908969228
2005,"[660,670)",2005,0.0152724272
2005,"[670,680)",2005,0.0366141012
2005,"[680,690)",2005,0.0674560059
2005,"[690,700)",2005,0.4557719641
2005,"[700,710)",2005,0.2838838025
2005,"[710,720)",2005,0.0203754251
2005,"[720,730)",2005,0.0569687513
2005,"[730,740)",2005,0.2981944766
2005,"[740,750)",2005,0.1222288583
2005,"[750,760)",2005,0.0489208345
2005,"[760,770)",2005,0.0615839116
2005,"[770,780)",2005,0.0366204114
2005,"[780,790)",2005,0.0473109863
2005,"[790,800)",2005,0.0730644219
2005,"[800,810)",2005,0.1624524564
2005,"[810,820)",2005,0.0764083989
2005,"[820,830)",2005,0.0146585094
2005,"[830,840)",2005,0.0030444356
2005,"[840,850)",2005,0.1162795365
2005,"[850,860)",2005,0.4892833244
2005,"[860,870)",2005,0.2147951545
2005,"[870,880)",2005,0.0246510057
2005,"[880,890)",2005,0.0692309533
2005,"[890,900)",2005,0.0148355383
2005,"[900,910)",2005,0.0273760952
2005,"[910,920)",2005,0.0541966558
2005,"[920,930)",2005,0.0184639444
2005,"[930,940)",2005,0.0056530404
2005,"[940,950)",2005,0.013124273
2005,"[950,960)",2005,0.0054814423
2005,"[960,970)",2005,0.0160320412
2005,"[970,980)",2005,0.0092025905
2005,"[980,990)",2005,0
2005,"[990,1000)",2005,0.0023881148
2005,"[1000,1010)",2005,0.2127985418
2005,"[1010,1020)",2005,0.245320641
2005,"[1020,1030)",2005,0.040533266
2005,"[1030,1040)",2005,0.0005710371
2005,"[1040,1050)",2005,0.046706986
2005,"[1050,1060)",2005,0.0056404986
2005,"[1060,1070)",2005,0.0702469668
2005,"[1070,1080)",2005,0.0241176893
2005,"[1080,1090)",2005,0.0019632871
2005,"[1090,1100)",2005,0.0230850014
2005,"[1100,1110)",2005,0.1519798194
2005,"[1110,1120)",2005,0.1923928936
2005,"[1120,1130)",2005,0.0078999943
2005,"[1130,1140)",2005,0.0001896241
2005,"[1140,1150)",2005,0.0028180362
2005,"[1150,1160)",2005,0.0412818507
2005,"[1160,1170)",2005,0.0296039807
2005,"[1170,1180)",2005,0.0158006399
2005,"[1180,1190)",2005,0.0239222071
2005,"[1190,1200)",2005,0.0571067329
2005,"[1200,1210)",2005,0.4370711536
2005,"[1210,1220)",2005,0.5037065248
2005,"[1220,1230)",2005,0.2246429022
2005,"[1230,1240)",2005,0.0562524493
2005,"[1240,1250)",2005,0.2586522533
2005,"[1250,1260)",2005,0.4509241692
2005,"[1260,1270)",2005,0.2052767892
2005,"[1270,1280)",2005,0.1463986169
2005,"[1280,1290)",2005,0.3652005751
2005,"[1290,1300)",2005,0.5183182245
2005,"[1300,1310)",2005,0.7373753029
2005,"[1310,1320)",2005,0.5983608247
2005,"[1320,1330)",2005,0.3408993396
2005,"[1330,1340)",2005,0.2679745688
2005,"[1340,1350)",2005,0.1699397519
2005,"[1350,1360)",2005,0.2767510894
2005,"[1360,1370)",2005,0.116614214
2005,"[1370,1380)",2005,0.1830781815
2005,"[1380,1390)",2005,0.312302536
2005,"[1390,1400)",2005,0.2452593987
2005,"[1400,1410)",2005,0.3496798534
2005,"[1410,1420)",2005,0.2114279723
2005,"[1420,1430)",2005,0.0734584597
2005,"[1430,1440)",2005,0.2271974148
2005,"[1440,1450)",2005,0.2108377862
2005,"[1450,1460)",2005,0.1116555128
2005,"[1460,1470)",2005,0.0531847081
2005,"[1470,1480)",2005,0.2931470179
2005,"[1480,1490)",2005,0.1799771406
2005,"[1490,1500)",2005,0.4576720027
2006,"[0,10)",2006,0.2663480011
2006,"[10,20)",2006,0.1525211946
2006,"[20,30)",2006,0.0910994936
2006,"[30,40)",2006,0.0600764653
2006,"[40,50)",2006,0.0627150424
2006,"[50,60)",2006,0.0264249328
2006,"[60,70)",2006,0.0091949453
2006,"[70,80)",2006,0.0036749217
2006,"[80,90)",2006,0.0304185289
2006,"[90,100)",2006,0.1273981256
2006,"[100,110)",2006,0.0572983883
2006,"[110,120)",2006,0.0078417114
2006,"[120,130)",2006,0.0016113176
2006,"[130,140)",2006,0.0132803901
2006,"[140,150)",2006,0.3487559501
2006,"[150,160)",2006,0.3957341473
2006,"[160,170)",2006,0.0347074098
2006,"[170,180)",2006,0.0375283601
2006,"[180,190)",2006,0.0620361274
2006,"[190,200)",2006,0.043364002
2006,"[200,210)",2006,0.0350715287
2006,"[210,220)",2006,0.0056379047
2006,"[220,230)",2006,0.012176656
2006,"[230,240)",2006,0.0999310205
2006,"[240,250)",2006,0.0120374369
2006,"[250,260)",2006,0.0011695767
2006,"[260,270)",2006,0.0095169014
2006,"[270,280)",2006,0.0037594436
2006,"[280,290)",2006,0
2006,"[290,300)",2006,0.0279082941
2006,"[300,310)",2006,0.080474677
2006,"[310,320)",2006,0
2006,"[320,330)",2006,0.0014257591
2006,"[330,340)",2006,0.00744045
2006,"[340,350)",2006,0.0115674595
2006,"[350,360)",2006,0.0013930323
2006,"[360,370)",2006,0.09516815
2006,"[370,380)",2006,0.0495652261
2006,"[380,390)",2006,0.1162464335
2006,"[390,400)",2006,0.0101356732
2006,"[400,410)",2006,0.0063285936
2006,"[410,420)",2006,0.0082205398
2006,"[420,430)",2006,0.0444167302
2006,"[430,440)",2006,0.097836882
2006,"[440,450)",2006,0.0027781009
2006,"[450,460)",2006,0.0015474363
2006,"[460,470)",2006,0.0094207829
2006,"[470,480)",2006,0.0634740837
2006,"[480,490)",2006,0.0684712912
2006,"[490,500)",2006,0.0106839566
2006,"[500,510)",2006,0.0136635948
2006,"[510,520)",2006,0.0037605418
2006,"[520,530)",2006,0.0275458586
2006,"[530,540)",2006,0.0204160076
2006,"[540,550)",2006,0.000184039
2006,"[550,560)",2006,0.0009212772
2006,"[560,570)",2006,0.0596271275
2006,"[570,580)",2006,0.0815473623
2006,"[580,590)",2006,0.1641809039
2006,"[590,600)",2006,0.6238870678
2006,"[600,610)",2006,0.9571125982
2006,"[610,620)",2006,0.7948627087
2006,"[620,630)",2006,0.4106858299
2006,"[630,640)",2006,0.2481059716
2006,"[640,650)",2006,0.0994859782
2006,"[650,660)",2006,0.0908969228
2006,"[660,670)",2006,0.0152724272
2006,"[670,680)",2006,0.0366141012
2006,"[680,690)",2006,0.0674560059
2006,"[690,700)",2006,0.455771964
2006,"[700,710)",2006,0.2838838025
2006,"[710,720)",2006,0.0203754251
2006,"[720,730)",2006,0.0584139163
2006,"[730,740)",2006,0.3006562873
2006,"[740,750)",2006,0.1222288583
2006,"[750,760)",2006,0.0489208345
2006,"[760,770)",2006,0.0615839116
2006,"[770,780)",2006,0.0366204114
2006,"[780,790)",2006,0.0473109863
2006,"[790,800)",2006,0.0730644219
2006,"[800,810)",2006,0.1624524564
2006,"[810,820)",2006,0.0764083989
2006,"[820,830)",2006,0.0146585094
2006,"[830,840)",2006,0.0030444356
2006,"[840,850)",2006,0.1162795365
2006,"[850,860)",2006,0.4910562994
2006,"[860,870)",2006,0.2190098498
2006,"[870,880)",2006,0.0261030733
2006,"[880,890)",2006,0.0785942666
2006,"[890,900)",2006,0.01780737
2006,"[900,910)",2006,0.0273760952
2006,"[910,920)",2006,0.0541966558
2006,"[920,930)",2006,0.0184639444
2006,"[930,940)",2006,0.0056530404
2006,"[940,950)",2006,0.013124273
2006,"[950,960)",2006,0.0054814423
2006,"[960,970)",2006,0.0160320412
2006,"[970,980)",2006,0.0092025905
2006,"[980,990)",2006,0
2006,"[990,1000)",2006,0.0023881148
2006,"[1000,1010)",2006,0.2127985418
2006,"[1010,1020)",2006,0.2460716309
2006,"[1020,1030)",2006,0.0404667905
2006,"[1030,1040)",2006,0.0005710371
2006,"[1040,1050)",2006,0.0486010526
2006,"[1050,1060)",2006,0.0056404986
2006,"[1060,1070)",2006,0.0702469668
2006,"[1070,1080)",2006,0.0241176893
2006,"[1080,1090)",2006,0.0019632871
2006,"[1090,1100)",2006,0.0230850014
2006,"[1100,1110)",2006,0.1519798195
2006,"[1110,1120)",2006,0.1964520914
2006,"[1120,1130)",2006,0.0099626506
2006,"[1130,1140)",2006,0.0005670912
2006,"[1140,1150)",2006,0.0078919967
2006,"[1150,1160)",2006,0.0498763137
2006,"[1160,1170)",2006,0.0306382567
2006,"[1170,1180)",2006,0.0175485535
2006,"[1180,1190)",2006,0.02973568
2006,"[1190,1200)",2006,0.0588997543
2006,"[1200,1210)",2006,0.4452723073
2006,"[1210,1220)",2006,0.5165247741
2006,"[1220,1230)",2006,0.2393315452
2006,"[1230,1240)",2006,0.0623233783
2006,"[1240,1250)",2006,0.2614542373
2006,"[1250,1260)",2006,0.4513453
2006,"[1260,1270)",2006,0.2120706955
2006,"[1270,1280)",2006,0.1551215903
2006,"[1280,1290)",2006,0.3671647116
2006,"[1290,1300)",2006,0.5190985671
2006,"[1300,1310)",2006,0.7373753029
2006,"[1310,1320)",2006,0.5983608246
2006,"[1320,1330)",2006,0.343563492
2006,"[1330,1340)",2006,0.282802156
2006,"[1340,1350)",2006,0.1880408841
2006,"[1350,1360)",2006,0.2856348629
2006,"[1360,1370)",2006,0.1323518531
2006,"[1370,1380)",2006,0.2004745306
2006,"[1380,1390)",2006,0.3221073587
2006,"[1390,1400)",2006,0.2589758409
2006,"[1400,1410)",2006,0.3540902014
2006,"[1410,1420)",2006,0.2114279723
2006,"[1420,1430)",2006,0.0763333332
2006,"[1430,1440)",2006,0.2320869378
2006,"[1440,1450)",2006,0.2296293958
2006,"[1450,1460)",2006,0.1185137523
2006,"[1460,1470)",2006,0.0538508411
2006,"[1470,1480)",2006,0.3039798051
2006,"[1480,1490)",2006,0.1936744786
2006,"[1490,1500)",2006,0.491636035
2007,"[0,10)",2007,0.2696886388
2007,"[10,20)",2007,0.1662521605
2007,"[20,30)",2007,0.09413575
2007,"[30,40)",2007,0.0631574118
2007,"[40,50)",2007,0.0713884072
2007,"[50,60)",2007,0.0347597412
2007,"[60,70)",2007,0.0097420193
2007,"[70,80)",2007,0.0046458871
2007,"[80,90)",2007,0.0342875587
2007,"[90,100)",2007,0.1290576996
2007,"[100,110)",2007,0.0583972481
2007,"[110,120)",2007,0.0078417114
2007,"[120,130)",2007,0.0016113176
2007,"[130,140)",2007,0.0132803901
2007,"[140,150)",2007,0.3487559501
2007,"[150,160)",2007,0.3963088928
2007,"[160,170)",2007,0.0347074098
2007,"[170,180)",2007,0.0375283601
2007,"[180,190)",2007,0.0620361274
2007,"[190,200)",2007,0.043364002
2007,"[200,210)",2007,0.0350715287
2007,"[210,220)",2007,0.0056379047
2007,"[220,230)",2007,0.012176656
2007,"[230,240)",2007,0.0999310205
2007,"[240,250)",2007,0.0120374369
2007,"[250,260)",2007,0.0011695767
2007,"[260,270)",2007,0.0095169014
2007,"[270,280)",2007,0.0037594436
2007,"[280,290)",2007,0
2007,"[290,300)",2007,0.0279082941
2007,"[300,310)",2007,0.080474677
2007,"[310,320)",2007,0
2007,"[320,330)",2007,0.0014257591
2007,"[330,340)",2007,0.00744045
2007,"[340,350)",2007,0.0115674595
2007,"[350,360)",2007,0.0013930323
2007,"[360,370)",2007,0.09516815
2007,"[370,380)",2007,0.050018396
2007,"[380,390)",2007,0.1186294785
2007,"[390,400)",2007,0.0101356732
2007,"[400,410)",2007,0.0063285936
2007,"[410,420)",2007,0.0082094409
2007,"[420,430)",2007,0.0444167302
2007,"[430,440)",2007,0.097836882
2007,"[440,450)",2007,0.0027781009
2007,"[450,460)",2007,0.0015474363
2007,"[460,470)",2007,0.0094207829
2007,"[470,480)",2007,0.0634740837
2007,"[480,490)",2007,0.0684712912
2007,"[490,500)",2007,0.0106839566
2007,"[500,510)",2007,0.0136635948
2007,"[510,520)",2007,0.0037605418
2007,"[520,530)",2007,0.0275458586
2007,"[530,540)",2007,0.0204160076
2007,"[540,550)",2007,0.000184039
2007,"[550,560)",2007,0.0009212772
2007,"[560,570)",2007,0.0596271275
2007,"[570,580)",2007,0.0815473623
2007,"[580,590)",2007,0.1661998041
2007,"[590,600)",2007,0.631856147
2007,"[600,610)",2007,0.9577038726
2007,"[610,620)",2007,0.8028221198
2007,"[620,630)",2007,0.4175756942
2007,"[630,640)",2007,0.2561152571
2007,"[640,650)",2007,0.1024415381
2007,"[650,660)",2007,0.0937536841
2007,"[660,670)",2007,0.0152724272
2007,"[670,680)",2007,0.0366141012
2007,"[680,690)",2007,0.0674560059
2007,"[690,700)",2007,0.4557719641
2007,"[700,710)",2007,0.2838838025
2007,"[710,720)",2007,0.0203754251
2007,"[720,730)",2007,0.0608917988
2007,"[730,740)",2007,0.3043485593
2007,"[740,750)",2007,0.1222288583
2007,"[750,760)",2007,0.0500482695
2007,"[760,770)",2007,0.0632056154
2007,"[770,780)",2007,0.0366204114
2007,"[780,790)",2007,0.0486498172
2007,"[790,800)",2007,0.0746870918
2007,"[800,810)",2007,0.1639369509
2007,"[810,820)",2007,0.077646977
2007,"[820,830)",2007,0.0146585094
2007,"[830,840)",2007,0.0030444356
2007,"[840,850)",2007,0.1183496202
2007,"[850,860)",2007,0.4947015515
2007,"[860,870)",2007,0.2192057896
2007,"[870,880)",2007,0.0263095305
2007,"[880,890)",2007,0.0871399397
2007,"[890,900)",2007,0.0212024686
2007,"[900,910)",2007,0.0273760952
2007,"[910,920)",2007,0.0541966558
2007,"[920,930)",2007,0.0184639444
2007,"[930,940)",2007,0.005880643
2007,"[940,950)",2007,0.0142659525
2007,"[950,960)",2007,0.0054814423
2007,"[960,970)",2007,0.0160320412
2007,"[970,980)",2007,0.0092025905
2007,"[980,990)",2007,0
2007,"[990,1000)",2007,0.0023881148
2007,"[1000,1010)",2007,0.2143067538
2007,"[1010,1020)",2007,0.2503289087
2007,"[1020,1030)",2007,0.0428042874
2007,"[1030,1040)",2007,0.0005710371
2007,"[1040,1050)",2007,0.0500710552
2007,"[1050,1060)",2007,0.0056404986
2007,"[1060,1070)",2007,0.0702469668
2007,"[1070,1080)",2007,0.0241176893
2007,"[1080,1090)",2007,0.0019632871
2007,"[1090,1100)",2007,0.0230850014
2007,"[1100,1110)",2007,0.1519798194
2007,"[1110,1120)",2007,0.2020033424
2007,"[1120,1130)",2007,0.0132579481
2007,"[1130,1140)",2007,0.0005670912
2007,"[1140,1150)",2007,0.0078919967
2007,"[1150,1160)",2007,0.0498763137
2007,"[1160,1170)",2007,0.0306382567
2007,"[1170,1180)",2007,0.0175485535
2007,"[1180,1190)",2007,0.0309130089
2007,"[1190,1200)",2007,0.061359443
2007,"[1200,1210)",2007,0.456982153
2007,"[1210,1220)",2007,0.5210379859
2007,"[1220,1230)",2007,0.2579191707
2007,"[1230,1240)",2007,0.0727450902
2007,"[1240,1250)",2007,0.262746368
2007,"[1250,1260)",2007,0.4532394697
2007,"[1260,1270)",2007,0.2218221443
2007,"[1270,1280)",2007,0.1704602642
2007,"[1280,1290)",2007,0.3746330685
2007,"[1290,1300)",2007,0.521851131
2007,"[1300,1310)",2007,0.7441636688
2007,"[1310,1320)",2007,0.6042395308
2007,"[1320,1330)",2007,0.343563492
2007,"[1330,1340)",2007,0.2884590963
2007,"[1340,1350)",2007,0.2024870824
2007,"[1350,1360)",2007,0.2930233978
2007,"[1360,1370)",2007,0.1380287867
2007,"[1370,1380)",2007,0.2150101095
2007,"[1380,1390)",2007,0.339324624
2007,"[1390,1400)",2007,0.2705852971
2007,"[1400,1410)",2007,0.3675888578
2007,"[1410,1420)",2007,0.2172927487
2007,"[1420,1430)",2007,0.0845018207
2007,"[1430,1440)",2007,0.2458391449
2007,"[1440,1450)",2007,0.2427213465
2007,"[1450,1460)",2007,0.1337963917
2007,"[1460,1470)",2007,0.0596372842
2007,"[1470,1480)",2007,0.3251008222
2007,"[1480,1490)",2007,0.2120533322
2007,"[1490,1500)",2007,0.5076462843
2008,"[0,10)",2008,0.2698627572
2008,"[10,20)",2008,0.1681913613
2008,"[20,30)",2008,0.0959222717
2008,"[30,40)",2008,0.0638792282
2008,"[40,50)",2008,0.0741591761
2008,"[50,60)",2008,0.0362089968
2008,"[60,70)",2008,0.0097420193
2008,"[70,80)",2008,0.0052291483
2008,"[80,90)",2008,0.0362220734
2008,"[90,100)",2008,0.1290576996
2008,"[100,110)",2008,0.0583972481
2008,"[110,120)",2008,0.0078417114
2008,"[120,130)",2008,0.0016113176
2008,"[130,140)",2008,0.01438531
2008,"[140,150)",2008,0.3525741572
2008,"[150,160)",2008,0.3965010052
2008,"[160,170)",2008,0.0347074098
2008,"[170,180)",2008,0.0382753727
2008,"[180,190)",2008,0.0632838449
2008,"[190,200)",2008,0.0443683236
2008,"[200,210)",2008,0.0361068235
2008,"[210,220)",2008,0.0056379047
2008,"[220,230)",2008,0.012176656
2008,"[230,240)",2008,0.0999648688
2008,"[240,250)",2008,0.0120616302
2008,"[250,260)",2008,0.0011695767
2008,"[260,270)",2008,0.0095169014
2008,"[270,280)",2008,0.0037594436
2008,"[280,290)",2008,0
2008,"[290,300)",2008,0.0279082941
2008,"[300,310)",2008,0.080474677
2008,"[310,320)",2008,0
2008,"[320,330)",2008,0.0014257591
2008,"[330,340)",2008,0.00744045
2008,"[340,350)",2008,0.0115674595
2008,"[350,360)",2008,0.0013930323
2008,"[360,370)",2008,0.09516815
2008,"[370,380)",2008,0.050018396
2008,"[380,390)",2008,0.1186294785
2008,"[390,400)",2008,0.0101356732
2008,"[400,410)",2008,0.0063285936
2008,"[410,420)",2008,0.0082094409
2008,"[420,430)",2008,0.0444167302
2008,"[430,440)",2008,0.097836882
2008,"[440,450)",2008,0.0027781009
2008,"[450,460)",2008,0.0015474363
2008,"[460,470)",2008,0.0094207829
2008,"[470,480)",2008,0.0653020956
2008,"[480,490)",2008,0.0710177892
2008,"[490,500)",2008,0.0107040167
2008,"[500,510)",2008,0.0136705986
2008,"[510,520)",2008,0.0037605418
2008,"[520,530)",2008,0.0275458586
2008,"[530,540)",2008,0.0204160076
2008,"[540,550)",2008,0.000184039
2008,"[550,560)",2008,0.0009212772
2008,"[560,570)",2008,0.0605741246
2008,"[570,580)",2008,0.0828900913
2008,"[580,590)",2008,0.1692043048
2008,"[590,600)",2008,0.6431242303
2008,"[600,610)",2008,0.9590793163
2008,"[610,620)",2008,0.8097869589
2008,"[620,630)",2008,0.4195139534
2008,"[630,640)",2008,0.2580284782
2008,"[640,650)",2008,0.1028365107
2008,"[650,660)",2008,0.0937536841
2008,"[660,670)",2008,0.0159042732
2008,"[670,680)",2008,0.0392577983
2008,"[680,690)",2008,0.0674653999
2008,"[690,700)",2008,0.4598736395
2008,"[700,710)",2008,0.2912554599
2008,"[710,720)",2008,0.0203754251
2008,"[720,730)",2008,0.0627494989
2008,"[730,740)",2008,0.306810489
2008,"[740,750)",2008,0.1230290687
2008,"[750,760)",2008,0.0519393989
2008,"[760,770)",2008,0.0652489571
2008,"[770,780)",2008,0.038539462
2008,"[780,790)",2008,0.056663099
2008,"[790,800)",2008,0.0823544419
2008,"[800,810)",2008,0.16449668
2008,"[810,820)",2008,0.0793739108
2008,"[820,830)",2008,0.0157882801
2008,"[830,840)",2008,0.0030444356
2008,"[840,850)",2008,0.1310112065
2008,"[850,860)",2008,0.5021239978
2008,"[860,870)",2008,0.2232247006
2008,"[870,880)",2008,0.0300731365
2008,"[880,890)",2008,0.1036043308
2008,"[890,900)",2008,0.0239604997
2008,"[900,910)",2008,0.0273760952
2008,"[910,920)",2008,0.0541966558
2008,"[920,930)",2008,0.0199683561
2008,"[930,940)",2008,0.0069497452
2008,"[940,950)",2008,0.0173444114
2008,"[950,960)",2008,0.0054814423
2008,"[960,970)",2008,0.0160320412
2008,"[970,980)",2008,0.0092025905
2008,"[980,990)",2008,0
2008,"[990,1000)",2008,0.0023881148
2008,"[1000,1010)",2008,0.2152358776
2008,"[1010,1020)",2008,0.2577652424
2008,"[1020,1030)",2008,0.0465067564
2008,"[1030,1040)",2008,0.0029693889
2008,"[1040,1050)",2008,0.0527149597
2008,"[1050,1060)",2008,0.0062453333
2008,"[1060,1070)",2008,0.0712468011
2008,"[1070,1080)",2008,0.0259871749
2008,"[1080,1090)",2008,0.0039265744
2008,"[1090,1100)",2008,0.0257516377
2008,"[1100,1110)",2008,0.1561425052
2008,"[1110,1120)",2008,0.2024326606
2008,"[1120,1130)",2008,0.0132579481
2008,"[1130,1140)",2008,0.0005670912
2008,"[1140,1150)",2008,0.010143298
2008,"[1150,1160)",2008,0.0524762781
2008,"[1160,1170)",2008,0.0321931214
2008,"[1170,1180)",2008,0.0208580526
2008,"[1180,1190)",2008,0.0369168886
2008,"[1190,1200)",2008,0.0670653315
2008,"[1200,1210)",2008,0.4675089462
2008,"[1210,1220)",2008,0.5322227064
2008,"[1220,1230)",2008,0.2676461399
2008,"[1230,1240)",2008,0.0819450699
2008,"[1240,1250)",2008,0.2696229057
2008,"[1250,1260)",2008,0.4566018382
2008,"[1260,1270)",2008,0.2226712532
2008,"[1270,1280)",2008,0.1758473318
2008,"[1280,1290)",2008,0.3762146724
2008,"[1290,1300)",2008,0.5255646449
2008,"[1300,1310)",2008,0.7457117649
2008,"[1310,1320)",2008,0.6061996314
2008,"[1320,1330)",2008,0.3456556206
2008,"[1330,1340)",2008,0.3075761811
2008,"[1340,1350)",2008,0.2128357879
2008,"[1350,1360)",2008,0.3050466001
2008,"[1360,1370)",2008,0.1538304522
2008,"[1370,1380)",2008,0.2315884512
2008,"[1380,1390)",2008,0.352330528
2008,"[1390,1400)",2008,0.280220501
2008,"[1400,1410)",2008,0.3822786822
2008,"[1410,1420)",2008,0.231829659
2008,"[1420,1430)",2008,0.1150386395
2008,"[1430,1440)",2008,0.2530903338
2008,"[1440,1450)",2008,0.2572556652
2008,"[1450,1460)",2008,0.1440306886
2008,"[1460,1470)",2008,0.0663301342
2008,"[1470,1480)",2008,0.3361469176
2008,"[1480,1490)",2008,0.2256712278
2008,"[1490,1500)",2008,0.5352857032
2009,"[0,10)",2009,0.2698627572
2009,"[10,20)",2009,0.1710147746
2009,"[20,30)",2009,0.0964576502
2009,"[30,40)",2009,0.0638792282
2009,"[40,50)",2009,0.0752673314
2009,"[50,60)",2009,0.0372976384
2009,"[60,70)",2009,0.0099243813
2009,"[70,80)",2009,0.0052291483
2009,"[80,90)",2009,0.0362220734
2009,"[90,100)",2009,0.1290576996
2009,"[100,110)",2009,0.0583972481
2009,"[110,120)",2009,0.0078417114
2009,"[120,130)",2009,0.0016113176
2009,"[130,140)",2009,0.0149377127
2009,"[140,150)",2009,0.3558217921
2009,"[150,160)",2009,0.401239472
2009,"[160,170)",2009,0.0363823333
2009,"[170,180)",2009,0.0382753727
2009,"[180,190)",2009,0.0632838449
2009,"[190,200)",2009,0.046854827
2009,"[200,210)",2009,0.0395871183
2009,"[210,220)",2009,0.0056379047
2009,"[220,230)",2009,0.012176656
2009,"[230,240)",2009,0.1017701518
2009,"[240,250)",2009,0.0126912739
2009,"[250,260)",2009,0.0011695767
2009,"[260,270)",2009,0.0095169014
2009,"[270,280)",2009,0.0037594436
2009,"[280,290)",2009,0
2009,"[290,300)",2009,0.0280943506
2009,"[300,310)",2009,0.08198289
2009,"[310,320)",2009,0
2009,"[320,330)",2009,0.0014257591
2009,"[330,340)",2009,0.00744045
2009,"[340,350)",2009,0.0115674595
2009,"[350,360)",2009,0.0013930323
2009,"[360,370)",2009,0.09516815
2009,"[370,380)",2009,0.0502449646
2009,"[380,390)",2009,0.1203196005
2009,"[390,400)",2009,0.0107340831
2009,"[400,410)",2009,0.0063285936
2009,"[410,420)",2009,0.0082094409
2009,"[420,430)",2009,0.0446180406
2009,"[430,440)",2009,0.0997545386
2009,"[440,450)",2009,0.0027781009
2009,"[450,460)",2009,0.0015474363
2009,"[460,470)",2009,0.0094207829
2009,"[470,480)",2009,0.0661121697
2009,"[480,490)",2009,0.0720015155
2009,"[490,500)",2009,0.0107040167
2009,"[500,510)",2009,0.0136705986
2009,"[510,520)",2009,0.0037605418
2009,"[520,530)",2009,0.0275458586
2009,"[530,540)",2009,0.0204160076
2009,"[540,550)",2009,0.000184039
2009,"[550,560)",2009,0.0009212772
2009,"[560,570)",2009,0.0637952937
2009,"[570,580)",2009,0.0861478643
2009,"[580,590)",2009,0.1758085571
2009,"[590,600)",2009,0.6636651582
2009,"[600,610)",2009,0.9606682628
2009,"[610,620)",2009,0.8129462039
2009,"[620,630)",2009,0.4237474102
2009,"[630,640)",2009,0.2679836328
2009,"[640,650)",2009,0.1097452977
2009,"[650,660)",2009,0.0998906271
2009,"[660,670)",2009,0.0163111681
2009,"[670,680)",2009,0.0438018727
2009,"[680,690)",2009,0.0674653999
2009,"[690,700)",2009,0.4669034049
2009,"[700,710)",2009,0.3093822715
2009,"[710,720)",2009,0.0224997323
2009,"[720,730)",2009,0.0683238166
2009,"[730,740)",2009,0.3159833028
2009,"[740,750)",2009,0.1282630715
2009,"[750,760)",2009,0.0540320103
2009,"[760,770)",2009,0.0652489571
2009,"[770,780)",2009,0.0418805235
2009,"[780,790)",2009,0.0704895172
2009,"[790,800)",2009,0.0897689058
2009,"[800,810)",2009,0.1838256131
2009,"[810,820)",2009,0.090281333
2009,"[820,830)",2009,0.0169645505
2009,"[830,840)",2009,0.0049440987
2009,"[840,850)",2009,0.1367695208
2009,"[850,860)",2009,0.5146642649
2009,"[860,870)",2009,0.2312430421
2009,"[870,880)",2009,0.0327690989
2009,"[880,890)",2009,0.1178458147
2009,"[890,900)",2009,0.0254426408
2009,"[900,910)",2009,0.0286166478
2009,"[910,920)",2009,0.0590724695
2009,"[920,930)",2009,0.0232106109
2009,"[930,940)",2009,0.0081950431
2009,"[940,950)",2009,0.0173444114
2009,"[950,960)",2009,0.0054814423
2009,"[960,970)",2009,0.0160320412
2009,"[970,980)",2009,0.0092025905
2009,"[980,990)",2009,0
2009,"[990,1000)",2009,0.0023881148
2009,"[1000,1010)",2009,0.2187963505
2009,"[1010,1020)",2009,0.2713741751
2009,"[1020,1030)",2009,0.0606057091
2009,"[1030,1040)",2009,0.0098856673
2009,"[1040,1050)",2009,0.0570437167
2009,"[1050,1060)",2009,0.0078546743
2009,"[1060,1070)",2009,0.0720981863
2009,"[1070,1080)",2009,0.0278138022
2009,"[1080,1090)",2009,0.0039265744
2009,"[1090,1100)",2009,0.0265713525
2009,"[1100,1110)",2009,0.1586298218
2009,"[1110,1120)",2009,0.2133250388
2009,"[1120,1130)",2009,0.0200501301
2009,"[1130,1140)",2009,0.0007567153
2009,"[1140,1150)",2009,0.0135323522
2009,"[1150,1160)",2009,0.059624501
2009,"[1160,1170)",2009,0.0378358879
2009,"[1170,1180)",2009,0.0273055639
2009,"[1180,1190)",2009,0.0465718649
2009,"[1190,1200)",2009,0.0693297902
2009,"[1200,1210)",2009,0.4823712473
2009,"[1210,1220)",2009,0.549952285
2009,"[1220,1230)",2009,0.291311568
2009,"[1230,1240)",2009,0.0959551679
2009,"[1240,1250)",2009,0.2846975469
2009,"[1250,1260)",2009,0.4662728562
2009,"[1260,1270)",2009,0.2377388073
2009,"[1270,1280)",2009,0.1846174965
2009,"[1280,1290)",2009,0.3803311091
2009,"[1290,1300)",2009,0.5330255209
2009,"[1300,1310)",2009,0.7555602025
2009,"[1310,1320)",2009,0.6126768562
2009,"[1320,1330)",2009,0.3582535824
2009,"[1330,1340)",2009,0.3305865783
2009,"[1340,1350)",2009,0.2234500178
2009,"[1350,1360)",2009,0.3139237869
2009,"[1360,1370)",2009,0.1655293969
2009,"[1370,1380)",2009,0.2414598944
2009,"[1380,1390)",2009,0.3673363575
2009,"[1390,1400)",2009,0.2950900768
2009,"[1400,1410)",2009,0.4138224913
2009,"[1410,1420)",2009,0.2481632738
2009,"[1420,1430)",2009,0.1348006909
2009,"[1430,1440)",2009,0.2708684333
2009,"[1440,1450)",2009,0.2782495202
2009,"[1450,1460)",2009,0.1620283397
2009,"[1460,1470)",2009,0.0718931212
2009,"[1470,1480)",2009,0.3500145632
2009,"[1480,1490)",2009,0.2506272723
2009,"[1490,1500)",2009,0.5500491212
2010,"[0,10)",2010,0.2723192769
2010,"[10,20)",2010,0.1833466466
2010,"[20,30)",2010,0.0996728823
2010,"[30,40)",2010,0.0667747189
2010,"[40,50)",2010,0.0765591375
2010,"[50,60)",2010,0.0372976384
2010,"[60,70)",2010,0.0099243813
2010,"[70,80)",2010,0.0058123364
2010,"[80,90)",2010,0.0381562884
2010,"[90,100)",2010,0.1290576996
2010,"[100,110)",2010,0.0583972481
2010,"[110,120)",2010,0.0078417114
2010,"[120,130)",2010,0.0016113176
2010,"[130,140)",2010,0.0153075225
2010,"[140,150)",2010,0.3569708074
2010,"[150,160)",2010,0.4040721221
2010,"[160,170)",2010,0.0376847124
2010,"[170,180)",2010,0.0382753727
2010,"[180,190)",2010,0.0632838449
2010,"[190,200)",2010,0.046854827
2010,"[200,210)",2010,0.0395871183
2010,"[210,220)",2010,0.0056379047
2010,"[220,230)",2010,0.012176656
2010,"[230,240)",2010,0.1037408151
2010,"[240,250)",2010,0.0128968826
2010,"[250,260)",2010,0.0011695767
2010,"[260,270)",2010,0.0095169014
2010,"[270,280)",2010,0.0037594436
2010,"[280,290)",2010,0
2010,"[290,300)",2010,0.0282804155
2010,"[300,310)",2010,0.0834909981
2010,"[310,320)",2010,0
2010,"[320,330)",2010,0.0014257591
2010,"[330,340)",2010,0.00744045
2010,"[340,350)",2010,0.0115674595
2010,"[350,360)",2010,0.0013930323
2010,"[360,370)",2010,0.09516815
2010,"[370,380)",2010,0.0519980863
2010,"[380,390)",2010,0.12493643
2010,"[390,400)",2010,0.01132892
2010,"[400,410)",2010,0.0063285936
2010,"[410,420)",2010,0.0082094409
2010,"[420,430)",2010,0.0446180406
2010,"[430,440)",2010,0.0997545386
2010,"[440,450)",2010,0.0027781009
2010,"[450,460)",2010,0.0015474363
2010,"[460,470)",2010,0.0094207829
2010,"[470,480)",2010,0.0661121697
2010,"[480,490)",2010,0.0720015155
2010,"[490,500)",2010,0.0107040167
2010,"[500,510)",2010,0.0136705986
2010,"[510,520)",2010,0.0037605418
2010,"[520,530)",2010,0.0275458586
2010,"[530,540)",2010,0.0204160076
2010,"[540,550)",2010,0.000184039
2010,"[550,560)",2010,0.0009212772
2010,"[560,570)",2010,0.0645545618
2010,"[570,580)",2010,0.0880558366
2010,"[580,590)",2010,0.1776333214
2010,"[590,600)",2010,0.6765750038
2010,"[600,610)",2010,0.96204895
2010,"[610,620)",2010,0.8151259388
2010,"[620,630)",2010,0.4273778012
2010,"[630,640)",2010,0.2708503053
2010,"[640,650)",2010,0.1117109718
2010,"[650,660)",2010,0.1059063294
2010,"[660,670)",2010,0.0171702964
2010,"[670,680)",2010,0.0469613588
2010,"[680,690)",2010,0.0674653999
2010,"[690,700)",2010,0.4727484781
2010,"[700,710)",2010,0.3399498642
2010,"[710,720)",2010,0.0263019707
2010,"[720,730)",2010,0.0697682665
2010,"[730,740)",2010,0.3194372697
2010,"[740,750)",2010,0.1322754582
2010,"[750,760)",2010,0.0627234109
2010,"[760,770)",2010,0.0674524661
2010,"[770,780)",2010,0.0439109858
2010,"[780,790)",2010,0.079933651
2010,"[790,800)",2010,0.092782294
2010,"[800,810)",2010,0.1966435201
2010,"[810,820)",2010,0.0993463121
2010,"[820,830)",2010,0.0169645505
2010,"[830,840)",2010,0.0065293458
2010,"[840,850)",2010,0.1457632001
2010,"[850,860)",2010,0.5207156744
2010,"[860,870)",2010,0.2376647098
2010,"[870,880)",2010,0.035055305
2010,"[880,890)",2010,0.1215173953
2010,"[890,900)",2010,0.0265044149
2010,"[900,910)",2010,0.0298571962
2010,"[910,920)",2010,0.0658037714
2010,"[920,930)",2010,0.0290828995
2010,"[930,940)",2010,0.0081950431
2010,"[940,950)",2010,0.0181626135
2010,"[950,960)",2010,0.006711023
2010,"[960,970)",2010,0.0160320412
2010,"[970,980)",2010,0.0092025905
2010,"[980,990)",2010,0
2010,"[990,1000)",2010,0.0023881148
2010,"[1000,1010)",2010,0.2294683768
2010,"[1010,1020)",2010,0.3025334193
2010,"[1020,1030)",2010,0.0729924422
2010,"[1030,1040)",2010,0.0174252383
2010,"[1040,1050)",2010,0.0589999616
2010,"[1050,1060)",2010,0.0078546743
2010,"[1060,1070)",2010,0.0735997406
2010,"[1070,1080)",2010,0.0278138022
2010,"[1080,1090)",2010,0.0039265744
2010,"[1090,1100)",2010,0.0265713525
2010,"[1100,1110)",2010,0.1588461036
2010,"[1110,1120)",2010,0.2231539009
2010,"[1120,1130)",2010,0.0248009073
2010,"[1130,1140)",2010,0.0015084639
2010,"[1140,1150)",2010,0.0150366771
2010,"[1150,1160)",2010,0.0620543893
2010,"[1160,1170)",2010,0.0395403797
2010,"[1170,1180)",2010,0.0328156659
2010,"[1180,1190)",2010,0.061668314
2010,"[1190,1200)",2010,0.0779327525
2010,"[1200,1210)",2010,0.4923543805
2010,"[1210,1220)",2010,0.5578368212
2010,"[1220,1230)",2010,0.292366525
2010,"[1230,1240)",2010,0.0980503159
2010,"[1240,1250)",2010,0.2915850599
2010,"[1250,1260)",2010,0.4700576816
2010,"[1260,1270)",2010,0.2402838097
2010,"[1270,1280)",2010,0.1869084185
2010,"[1280,1290)",2010,0.3842389796
2010,"[1290,1300)",2010,0.5447977026
2010,"[1300,1310)",2010,0.7671319794
2010,"[1310,1320)",2010,0.616596981
2010,"[1320,1330)",2010,0.3586431704
2010,"[1330,1340)",2010,0.3329277292
2010,"[1340,1350)",2010,0.2253295706
2010,"[1350,1360)",2010,0.3154111999
2010,"[1360,1370)",2010,0.1721725918
2010,"[1370,1380)",2010,0.24732809
2010,"[1380,1390)",2010,0.3705400604
2010,"[1390,1400)",2010,0.2978365226
2010,"[1400,1410)",2010,0.4262607089
2010,"[1410,1420)",2010,0.2562751974
2010,"[1420,1430)",2010,0.1434501616
2010,"[1430,1440)",2010,0.2799102677
2010,"[1440,1450)",2010,0.2853791615
2010,"[1450,1460)",2010,0.1719463297
2010,"[1460,1470)",2010,0.0745408676
2010,"[1470,1480)",2010,0.3555216528
2010,"[1480,1490)",2010,0.2584683361
2010,"[1490,1500)",2010,0.5511699197
2011,"[0,10)",2011,0.272493249
2011,"[10,20)",2011,0.1866940536
2011,"[20,30)",2011,0.1014595135
2011,"[30,40)",2011,0.0676689069
2011,"[40,50)",2011,0.0778509432
2011,"[50,60)",2011,0.037840103
2011,"[60,70)",2011,0.0099243813
2011,"[70,80)",2011,0.0058123364
2011,"[80,90)",2011,0.0402816307
2011,"[90,100)",2011,0.132012532
2011,"[100,110)",2011,0.0583972481
2011,"[110,120)",2011,0.0078417114
2011,"[120,130)",2011,0.0016113176
2011,"[130,140)",2011,0.0153075225
2011,"[140,150)",2011,0.3569708074
2011,"[150,160)",2011,0.4131382971
2011,"[160,170)",2011,0.0428965159
2011,"[170,180)",2011,0.0393876318
2011,"[180,190)",2011,0.0682562124
2011,"[190,200)",2011,0.0487943068
2011,"[200,210)",2011,0.0412405631
2011,"[210,220)",2011,0.0075174193
2011,"[220,230)",2011,0.0125599304
2011,"[230,240)",2011,0.1036696548
2011,"[240,250)",2011,0.0128451053
2011,"[250,260)",2011,0.0011695767
2011,"[260,270)",2011,0.0095169014
2011,"[270,280)",2011,0.0037594436
2011,"[280,290)",2011,0
2011,"[290,300)",2011,0.0282804155
2011,"[300,310)",2011,0.0834909981
2011,"[310,320)",2011,0
2011,"[320,330)",2011,0.0014257591
2011,"[330,340)",2011,0.00744045
2011,"[340,350)",2011,0.0125648148
2011,"[350,360)",2011,0.0013930323
2011,"[360,370)",2011,0.0955972416
2011,"[370,380)",2011,0.0519980863
2011,"[380,390)",2011,0.12493643
2011,"[390,400)",2011,0.01132892
2011,"[400,410)",2011,0.0063285936
2011,"[410,420)",2011,0.0082094409
2011,"[420,430)",2011,0.0446180406
2011,"[430,440)",2011,0.0997545386
2011,"[440,450)",2011,0.0027781009
2011,"[450,460)",2011,0.0015474363
2011,"[460,470)",2011,0.0094207829
2011,"[470,480)",2011,0.0661121697
2011,"[480,490)",2011,0.0720015155
2011,"[490,500)",2011,0.0107040167
2011,"[500,510)",2011,0.0136705986
2011,"[510,520)",2011,0.0037605418
2011,"[520,530)",2011,0.0275458586
2011,"[530,540)",2011,0.0204160076
2011,"[540,550)",2011,0.000184039
2011,"[550,560)",2011,0.0009212772
2011,"[560,570)",2011,0.0655017698
2011,"[570,580)",2011,0.0897775098
2011,"[580,590)",2011,0.1782442248
2011,"[590,600)",2011,0.6876227246
2011,"[600,610)",2011,0.9632386544
2011,"[610,620)",2011,0.8196902649
2011,"[620,630)",2011,0.4412839713
2011,"[630,640)",2011,0.2857396792
2011,"[640,650)",2011,0.1164442249
2011,"[650,660)",2011,0.1125618129
2011,"[660,670)",2011,0.0173963149
2011,"[670,680)",2011,0.0469613588
2011,"[680,690)",2011,0.0674653999
2011,"[690,700)",2011,0.4795659052
2011,"[700,710)",2011,0.3589198983
2011,"[710,720)",2011,0.0292709798
2011,"[720,730)",2011,0.0708005151
2011,"[730,740)",2011,0.3214633163
2011,"[740,750)",2011,0.1330789507
2011,"[750,760)",2011,0.064614413
2011,"[760,770)",2011,0.0682305569
2011,"[770,780)",2011,0.0440950383
2011,"[780,790)",2011,0.085619138
2011,"[790,800)",2011,0.0976610071
2011,"[800,810)",2011,0.2057532332
2011,"[810,820)",2011,0.1078140919
2011,"[820,830)",2011,0.0169645505
2011,"[830,840)",2011,0.0069278979
2011,"[840,850)",2011,0.151637453
2011,"[850,860)",2011,0.5247412711
2011,"[860,870)",2011,0.2376647098
2011,"[870,880)",2011,0.0352617523
2011,"[880,890)",2011,0.1253907922
2011,"[890,900)",2011,0.0275660275
2011,"[900,910)",2011,0.0298571962
2011,"[910,920)",2011,0.0658037714
2011,"[920,930)",2011,0.0290828995
2011,"[930,940)",2011,0.0081950431
2011,"[940,950)",2011,0.0181626135
2011,"[950,960)",2011,0.006711023
2011,"[960,970)",2011,0.0160320412
2011,"[970,980)",2011,0.0092025905
2011,"[980,990)",2011,0
2011,"[990,1000)",2011,0.0025791877
2011,"[1000,1010)",2011,0.2370155936
2011,"[1010,1020)",2011,0.3098967267
2011,"[1020,1030)",2011,0.0818309177
2011,"[1030,1040)",2011,0.0215137898
2011,"[1040,1050)",2011,0.0626643837
2011,"[1050,1060)",2011,0.0086594799
2011,"[1060,1070)",2011,0.0735997406
2011,"[1070,1080)",2011,0.0301898636
2011,"[1080,1090)",2011,0.0070571432
2011,"[1090,1100)",2011,0.0278171805
2011,"[1100,1110)",2011,0.1607201887
2011,"[1110,1120)",2011,0.2282790544
2011,"[1120,1130)",2011,0.0282980059
2011,"[1130,1140)",2011,0.0015084639
2011,"[1140,1150)",2011,0.0172882044
2011,"[1150,1160)",2011,0.0684158414
2011,"[1160,1170)",2011,0.0411835307
2011,"[1170,1180)",2011,0.0402815451
2011,"[1180,1190)",2011,0.0782701495
2011,"[1190,1200)",2011,0.0805659754
2011,"[1200,1210)",2011,0.4938841266
2011,"[1210,1220)",2011,0.56612184
2011,"[1220,1230)",2011,0.3065956941
2011,"[1230,1240)",2011,0.1022499642
2011,"[1240,1250)",2011,0.3021315583
2011,"[1250,1260)",2011,0.4740540974
2011,"[1260,1270)",2011,0.2457871597
2011,"[1270,1280)",2011,0.1869084185
2011,"[1280,1290)",2011,0.3863866344
2011,"[1290,1300)",2011,0.5561668033
2011,"[1300,1310)",2011,0.7837595025
2011,"[1310,1320)",2011,0.6185569949
2011,"[1320,1330)",2011,0.3592250828
2011,"[1330,1340)",2011,0.3376112065
2011,"[1340,1350)",2011,0.2309636071
2011,"[1350,1360)",2011,0.3230055982
2011,"[1360,1370)",2011,0.1803182753
2011,"[1370,1380)",2011,0.249573892
2011,"[1380,1390)",2011,0.3749419996
2011,"[1390,1400)",2011,0.3076124048
2011,"[1400,1410)",2011,0.4345826311
2011,"[1410,1420)",2011,0.258667594
2011,"[1420,1430)",2011,0.1456669676
2011,"[1430,1440)",2011,0.2917440688
2011,"[1440,1450)",2011,0.2943215707
2011,"[1450,1460)",2011,0.175498389
2011,"[1460,1470)",2011,0.0765420282
2011,"[1470,1480)",2011,0.3632354951
2011,"[1480,1490)",2011,0.2687968073
2011,"[1490,1500)",2011,0.5633307054
2012,"[0,10)",2012,0.2728414627
2012,"[10,20)",2012,0.1937382183
2012,"[20,30)",2012,0.1048519376
2012,"[30,40)",2012,0.0679910912
2012,"[40,50)",2012,0.0808351032
2012,"[50,60)",2012,0.0403321539
2012,"[60,70)",2012,0.0099243813
2012,"[70,80)",2012,0.0058123364
2012,"[80,90)",2012,0.0416366477
2012,"[90,100)",2012,0.1364384192
2012,"[100,110)",2012,0.0594964868
2012,"[110,120)",2012,0.0078417114
2012,"[120,130)",2012,0.0016113176
2012,"[130,140)",2012,0.0158600059
2012,"[140,150)",2012,0.3594472304
2012,"[150,160)",2012,0.4150357607
2012,"[160,170)",2012,0.0428965159
2012,"[170,180)",2012,0.0408686391
2012,"[180,190)",2012,0.0764279042
2012,"[190,200)",2012,0.0505478799
2012,"[200,210)",2012,0.0412405631
2012,"[210,220)",2012,0.0075174193
2012,"[220,230)",2012,0.0131709235
2012,"[230,240)",2012,0.1111487502
2012,"[240,250)",2012,0.0169606073
2012,"[250,260)",2012,0.0011695767
2012,"[260,270)",2012,0.0095169014
2012,"[270,280)",2012,0.0037594436
2012,"[280,290)",2012,0
2012,"[290,300)",2012,0.0282804155
2012,"[300,310)",2012,0.0834909981
2012,"[310,320)",2012,0
2012,"[320,330)",2012,0.0014257591
2012,"[330,340)",2012,0.00744045
2012,"[340,350)",2012,0.0125648148
2012,"[350,360)",2012,0.0013930323
2012,"[360,370)",2012,0.0955972416
2012,"[370,380)",2012,0.0519980863
2012,"[380,390)",2012,0.12493643
2012,"[390,400)",2012,0.01132892
2012,"[400,410)",2012,0.0063285936
2012,"[410,420)",2012,0.0082094409
2012,"[420,430)",2012,0.0448194871
2012,"[430,440)",2012,0.1016733984
2012,"[440,450)",2012,0.0031482191
2012,"[450,460)",2012,0.0015474363
2012,"[460,470)",2012,0.0094207829
2012,"[470,480)",2012,0.0681421866
2012,"[480,490)",2012,0.0745453045
2012,"[490,500)",2012,0.0107040167
2012,"[500,510)",2012,0.0136705986
2012,"[510,520)",2012,0.0037605418
2012,"[520,530)",2012,0.0275458586
2012,"[530,540)",2012,0.0204160076
2012,"[540,550)",2012,0.000184039
2012,"[550,560)",2012,0.0009212772
2012,"[560,570)",2012,0.0655017698
2012,"[570,580)",2012,0.0897775098
2012,"[580,590)",2012,0.1852809482
2012,"[590,600)",2012,0.7081386636
2012,"[600,610)",2012,0.9654135529
2012,"[610,620)",2012,0.8196902649
2012,"[620,630)",2012,0.4445012895
2012,"[630,640)",2012,0.2968369231
2012,"[640,650)",2012,0.1233547621
2012,"[650,660)",2012,0.1182743071
2012,"[660,670)",2012,0.0180142658
2012,"[670,680)",2012,0.0483486643
2012,"[680,690)",2012,0.0674653999
2012,"[690,700)",2012,0.4854253763
2012,"[700,710)",2012,0.37929227
2012,"[710,720)",2012,0.0311700602
2012,"[720,730)",2012,0.0730733765
2012,"[730,740)",2012,0.324684221
2012,"[740,750)",2012,0.1355043304
2012,"[750,760)",2012,0.0649911684
2012,"[760,770)",2012,0.0702738984
2012,"[770,780)",2012,0.0445054279
2012,"[780,790)",2012,0.088845831
2012,"[790,800)",2012,0.101918307
2012,"[800,810)",2012,0.215974118
2012,"[810,820)",2012,0.1156639238
2012,"[820,830)",2012,0.0169645505
2012,"[830,840)",2012,0.0081145929
2012,"[840,850)",2012,0.1593287691
2012,"[850,860)",2012,0.5379424193
2012,"[860,870)",2012,0.2412450838
2012,"[870,880)",2012,0.0360957836
2012,"[880,890)",2012,0.1296844594
2012,"[890,900)",2012,0.0294769957
2012,"[900,910)",2012,0.0298571962
2012,"[910,920)",2012,0.0658037714
2012,"[920,930)",2012,0.0290828995
2012,"[930,940)",2012,0.0081950431
2012,"[940,950)",2012,0.0206172199
2012,"[950,960)",2012,0.0099763615
2012,"[960,970)",2012,0.01606686
2012,"[970,980)",2012,0.0092025905
2012,"[980,990)",2012,0
2012,"[990,1000)",2012,0.0025791877
2012,"[1000,1010)",2012,0.2430189113
2012,"[1010,1020)",2012,0.3245999263
2012,"[1020,1030)",2012,0.0910005763
2012,"[1030,1040)",2012,0.0252363144
2012,"[1040,1050)",2012,0.0664532427
2012,"[1050,1060)",2012,0.0092675757
2012,"[1060,1070)",2012,0.0740226285
2012,"[1070,1080)",2012,0.0320167153
2012,"[1080,1090)",2012,0.0090204304
2012,"[1090,1100)",2012,0.0282258773
2012,"[1100,1110)",2012,0.161584794
2012,"[1110,1120)",2012,0.241738885
2012,"[1120,1130)",2012,0.0367262092
2012,"[1130,1140)",2012,0.003199101
2012,"[1140,1150)",2012,0.0178581575
2012,"[1150,1160)",2012,0.0684158414
2012,"[1160,1170)",2012,0.0432234085
2012,"[1170,1180)",2012,0.0445702421
2012,"[1180,1190)",2012,0.083359942
2012,"[1190,1200)",2012,0.0880388595
2012,"[1200,1210)",2012,0.4991538756
2012,"[1210,1220)",2012,0.5687368029
2012,"[1220,1230)",2012,0.3139070604
2012,"[1230,1240)",2012,0.105413072
2012,"[1240,1250)",2012,0.3070849462
2012,"[1250,1260)",2012,0.4765788504
2012,"[1260,1270)",2012,0.2555487982
2012,"[1270,1280)",2012,0.1931509883
2012,"[1280,1290)",2012,0.3916773413
2012,"[1290,1300)",2012,0.5583242515
2012,"[1300,1310)",2012,0.7936495314
2012,"[1310,1320)",2012,0.6244368416
2012,"[1320,1330)",2012,0.3598083474
2012,"[1330,1340)",2012,0.3452202665
2012,"[1340,1350)",2012,0.2400083189
2012,"[1350,1360)",2012,0.3272587072
2012,"[1360,1370)",2012,0.1838346704
2012,"[1370,1380)",2012,0.2548125064
2012,"[1380,1390)",2012,0.3809425632
2012,"[1390,1400)",2012,0.3105640578
2012,"[1400,1410)",2012,0.4397734302
2012,"[1410,1420)",2012,0.2634551533
2012,"[1420,1430)",2012,0.1458804787
2012,"[1430,1440)",2012,0.3023529121
2012,"[1440,1450)",2012,0.3030667119
2012,"[1450,1460)",2012,0.1802988349
2012,"[1460,1470)",2012,0.080795968
2012,"[1470,1480)",2012,0.3674440434
2012,"[1480,1490)",2012,0.2718603978
2012,"[1490,1500)",2012,0.5673251561
2013,"[0,10)",2013,0.2728414627
2013,"[10,20)",2013,0.1940944794
2013,"[20,30)",2013,0.1084241018
2013,"[30,40)",2013,0.0688855772
2013,"[40,50)",2013,0.0808351032
2013,"[50,60)",2013,0.0403321539
2013,"[60,70)",2013,0.0099396757
2013,"[70,80)",2013,0.0073743705
2013,"[80,90)",2013,0.0486048054
2013,"[90,100)",2013,0.1405075507
2013,"[100,110)",2013,0.0613259967
2013,"[110,120)",2013,0.0080234302
2013,"[120,130)",2013,0.0032226353
2013,"[130,140)",2013,0.0171221856
2013,"[140,150)",2013,0.3617376356
2013,"[150,160)",2013,0.4178685008
2013,"[160,170)",2013,0.0451333225
2013,"[170,180)",2013,0.0408686391
2013,"[180,190)",2013,0.0764279042
2013,"[190,200)",2013,0.0514354413
2013,"[200,210)",2013,0.0425249072
2013,"[210,220)",2013,0.0093965923
2013,"[220,230)",2013,0.0137568552
2013,"[230,240)",2013,0.1150869826
2013,"[240,250)",2013,0.0187434828
2013,"[250,260)",2013,0.0019697984
2013,"[260,270)",2013,0.0095169014
2013,"[270,280)",2013,0.0037594436
2013,"[280,290)",2013,0
2013,"[290,300)",2013,0.0290201579
2013,"[300,310)",2013,0.0859335193
2013,"[310,320)",2013,0
2013,"[320,330)",2013,0.0014257591
2013,"[330,340)",2013,0.00744045
2013,"[340,350)",2013,0.0125648148
2013,"[350,360)",2013,0.0013930323
2013,"[360,370)",2013,0.0955972416
2013,"[370,380)",2013,0.0519980863
2013,"[380,390)",2013,0.1253310103
2013,"[390,400)",2013,0.0121304069
2013,"[400,410)",2013,0.0063285936
2013,"[410,420)",2013,0.0082094409
2013,"[420,430)",2013,0.0452223435
2013,"[430,440)",2013,0.1055107538
2013,"[440,450)",2013,0.0035197196
2013,"[450,460)",2013,0.0015474363
2013,"[460,470)",2013,0.0094207829
2013,"[470,480)",2013,0.0719900018
2013,"[480,490)",2013,0.0782602687
2013,"[490,500)",2013,0.0107040167
2013,"[500,510)",2013,0.0136705986
2013,"[510,520)",2013,0.0037605418
2013,"[520,530)",2013,0.0289690829
2013,"[530,540)",2013,0.0210683365
2013,"[540,550)",2013,0.000184039
2013,"[550,560)",2013,0.0009212772
2013,"[560,570)",2013,0.0662610486
2013,"[570,580)",2013,0.0914991336
2013,"[580,590)",2013,0.188881264
2013,"[590,600)",2013,0.7265695509
2013,"[600,610)",2013,0.9679824465
2013,"[610,620)",2013,0.821080356
2013,"[620,630)",2013,0.4483178709
2013,"[630,640)",2013,0.3037465118
2013,"[640,650)",2013,0.1312575917
2013,"[650,660)",2013,0.1229612132
2013,"[660,670)",2013,0.0182403256
2013,"[670,680)",2013,0.0493360582
2013,"[680,690)",2013,0.0684018186
2013,"[690,700)",2013,0.4984728998
2013,"[700,710)",2013,0.4144062808
2013,"[710,720)",2013,0.0362665005
2013,"[720,730)",2013,0.0823646524
2013,"[730,740)",2013,0.3381088186
2013,"[740,750)",2013,0.1381120658
2013,"[750,760)",2013,0.0704794263
2013,"[760,770)",2013,0.0736288629
2013,"[770,780)",2013,0.0502894221
2013,"[780,790)",2013,0.110979743
2013,"[790,800)",2013,0.1159597868
2013,"[800,810)",2013,0.2408924189
2013,"[810,820)",2013,0.1360863557
2013,"[820,830)",2013,0.0195888453
2013,"[830,840)",2013,0.0081145929
2013,"[840,850)",2013,0.1660130238
2013,"[850,860)",2013,0.5515240129
2013,"[860,870)",2013,0.2432151552
2013,"[870,880)",2013,0.0360957836
2013,"[880,890)",2013,0.1333516385
2013,"[890,900)",2013,0.0315719459
2013,"[900,910)",2013,0.0298571962
2013,"[910,920)",2013,0.0678378285
2013,"[920,930)",2013,0.0308225088
2013,"[930,940)",2013,0.0098549508
2013,"[940,950)",2013,0.0206172199
2013,"[950,960)",2013,0.0099763615
2013,"[960,970)",2013,0.01606686
2013,"[970,980)",2013,0.0092025905
2013,"[980,990)",2013,0
2013,"[990,1000)",2013,0.0025791877
2013,"[1000,1010)",2013,0.2499811331
2013,"[1010,1020)",2013,0.3391627277
2013,"[1020,1030)",2013,0.1005264006
2013,"[1030,1040)",2013,0.0282384176
2013,"[1040,1050)",2013,0.0768736539
2013,"[1050,1060)",2013,0.0120858594
2013,"[1060,1070)",2013,0.0740226285
2013,"[1070,1080)",2013,0.0341481855
2013,"[1080,1090)",2013,0.0263041442
2013,"[1090,1100)",2013,0.0329428431
2013,"[1100,1110)",2013,0.161668314
2013,"[1110,1120)",2013,0.2447285822
2013,"[1120,1130)",2013,0.0393932522
2013,"[1130,1140)",2013,0.003199101
2013,"[1140,1150)",2013,0.0178581575
2013,"[1150,1160)",2013,0.0684158414
2013,"[1160,1170)",2013,0.0432234085
2013,"[1170,1180)",2013,0.0449542003
2013,"[1180,1190)",2013,0.0878414498
2013,"[1190,1200)",2013,0.0953892623
2013,"[1200,1210)",2013,0.5062046845
2013,"[1210,1220)",2013,0.5738713001
2013,"[1220,1230)",2013,0.3333352717
2013,"[1230,1240)",2013,0.1062671329
2013,"[1240,1250)",2013,0.3092411069
2013,"[1250,1260)",2013,0.4765788504
2013,"[1260,1270)",2013,0.2559749165
2013,"[1270,1280)",2013,0.1935771231
2013,"[1280,1290)",2013,0.3916773413
2013,"[1290,1300)",2013,0.5636287602
2013,"[1300,1310)",2013,0.8015722597
2013,"[1310,1320)",2013,0.6246324198
2013,"[1320,1330)",2013,0.3598083474
2013,"[1330,1340)",2013,0.359470479
2013,"[1340,1350)",2013,0.2610228036
2013,"[1350,1360)",2013,0.3425602409
2013,"[1360,1370)",2013,0.1855524825
2013,"[1370,1380)",2013,0.2572192696
2013,"[1380,1390)",2013,0.3847441024
2013,"[1390,1400)",2013,0.3126601711
2013,"[1400,1410)",2013,0.4451593097
2013,"[1410,1420)",2013,0.268173973
2013,"[1420,1430)",2013,0.1492162094
2013,"[1430,1440)",2013,0.3082808432
2013,"[1440,1450)",2013,0.3210198412
2013,"[1450,1460)",2013,0.1863398099
2013,"[1460,1470)",2013,0.0899990733
2013,"[1470,1480)",2013,0.3782760938
2013,"[1480,1490)",2013,0.2863513588
2013,"[1490,1500)",2013,0.5851574249
2014,"[0,10)",2014,0.2730155731
2014,"[10,20)",2014,0.1976165007
2014,"[20,30)",2014,0.1091372586
2014,"[30,40)",2014,0.0690702845
2014,"[40,50)",2014,0.0821245894
2014,"[50,60)",2014,0.0403321539
2014,"[60,70)",2014,0.0099243813
2014,"[70,80)",2014,0.0077565211
2014,"[80,90)",2014,0.0524704728
2014,"[90,100)",2014,0.1469751872
2014,"[100,110)",2014,0.0631597914
2014,"[110,120)",2014,0.0080234302
2014,"[120,130)",2014,0.0035770181
2014,"[130,140)",2014,0.0259912746
2014,"[140,150)",2014,0.3680333535
2014,"[150,160)",2014,0.4199582766
2014,"[160,170)",2014,0.0458772401
2014,"[170,180)",2014,0.0423623932
2014,"[180,190)",2014,0.0789229107
2014,"[190,200)",2014,0.0514354413
2014,"[200,210)",2014,0.0425249072
2014,"[210,220)",2014,0.0093965923
2014,"[220,230)",2014,0.0137568552
2014,"[230,240)",2014,0.1182366554
2014,"[240,250)",2014,0.0199428075
2014,"[250,260)",2014,0.0019697984
2014,"[260,270)",2014,0.0095169014
2014,"[270,280)",2014,0.0037594436
2014,"[280,290)",2014,0
2014,"[290,300)",2014,0.0297645238
2014,"[300,310)",2014,0.0898644629
2014,"[310,320)",2014,0
2014,"[320,330)",2014,0.0014257591
2014,"[330,340)",2014,0.00744045
2014,"[340,350)",2014,0.0139646779
2014,"[350,360)",2014,0.0013930323
2014,"[360,370)",2014,0.0955972416
2014,"[370,380)",2014,0.0522246705
2014,"[380,390)",2014,0.1266276793
2014,"[390,400)",2014,0.0121304069
2014,"[400,410)",2014,0.0063285936
2014,"[410,420)",2014,0.0082205398
2014,"[420,430)",2014,0.0452223435
2014,"[430,440)",2014,0.1074297445
2014,"[440,450)",2014,0.0038898632
2014,"[450,460)",2014,0.0015474363
2014,"[460,470)",2014,0.0094207829
2014,"[470,480)",2014,0.0734161711
2014,"[480,490)",2014,0.0792450027
2014,"[490,500)",2014,0.0107241577
2014,"[500,510)",2014,0.0136810874
2014,"[510,520)",2014,0.0037605418
2014,"[520,530)",2014,0.0320587289
2014,"[530,540)",2014,0.0226002313
2014,"[540,550)",2014,0.000184039
2014,"[550,560)",2014,0.0009212772
2014,"[560,570)",2014,0.0670208393
2014,"[570,580)",2014,0.0928431473
2014,"[580,590)",2014,0.193691798
2014,"[590,600)",2014,0.7370724288
2014,"[600,610)",2014,0.9681819454
2014,"[610,620)",2014,0.821080356
2014,"[620,630)",2014,0.4528715583
2014,"[630,640)",2014,0.3127368478
2014,"[640,650)",2014,0.1359939402
2014,"[650,660)",2014,0.1295193781
2014,"[660,670)",2014,0.0184663429
2014,"[670,680)",2014,0.0493360582
2014,"[680,690)",2014,0.0721458142
2014,"[690,700)",2014,0.5097013614
2014,"[700,710)",2014,0.4371736206
2014,"[710,720)",2014,0.0398797293
2014,"[720,730)",2014,0.0910369196
2014,"[730,740)",2014,0.3549530987
2014,"[740,750)",2014,0.1415123355
2014,"[750,760)",2014,0.0786074879
2014,"[760,770)",2014,0.0836648928
2014,"[770,780)",2014,0.055470024
2014,"[780,790)",2014,0.1190361095
2014,"[790,800)",2014,0.1199125692
2014,"[800,810)",2014,0.2631985005
2014,"[810,820)",2014,0.1486091777
2014,"[820,830)",2014,0.0207651156
2014,"[830,840)",2014,0.0112091406
2014,"[840,850)",2014,0.1706728717
2014,"[850,860)",2014,0.5562916911
2014,"[860,870)",2014,0.245421363
2014,"[870,880)",2014,0.0367185932
2014,"[880,890)",2014,0.1343552526
2014,"[890,900)",2014,0.0315719459
2014,"[900,910)",2014,0.0327491614
2014,"[910,920)",2014,0.0813852232
2014,"[920,930)",2014,0.0347765729
2014,"[930,940)",2014,0.0098549508
2014,"[940,950)",2014,0.0206172199
2014,"[950,960)",2014,0.0099763615
2014,"[960,970)",2014,0.0161018289
2014,"[970,980)",2014,0.0092025905
2014,"[980,990)",2014,0
2014,"[990,1000)",2014,0.0025791877
2014,"[1000,1010)",2014,0.2509154623
2014,"[1010,1020)",2014,0.3450731622
2014,"[1020,1030)",2014,0.1063874665
2014,"[1030,1040)",2014,0.0297734903
2014,"[1040,1050)",2014,0.0790110157
2014,"[1050,1060)",2014,0.0130911054
2014,"[1060,1070)",2014,0.076792405
2014,"[1070,1080)",2014,0.0433236174
2014,"[1080,1090)",2014,0.0339641368
2014,"[1090,1100)",2014,0.035406458
2014,"[1100,1110)",2014,0.1621808579
2014,"[1110,1120)",2014,0.2462236367
2014,"[1120,1130)",2014,0.0404245526
2014,"[1130,1140)",2014,0.003199101
2014,"[1140,1150)",2014,0.0189837354
2014,"[1150,1160)",2014,0.0712093433
2014,"[1160,1170)",2014,0.0432234085
2014,"[1170,1180)",2014,0.0464955428
2014,"[1180,1190)",2014,0.0967698745
2014,"[1190,1200)",2014,0.1022422525
2014,"[1200,1210)",2014,0.5113345711
2014,"[1210,1220)",2014,0.5816482027
2014,"[1220,1230)",2014,0.3441934879
2014,"[1230,1240)",2014,0.1077522433
2014,"[1240,1250)",2014,0.320201924
2014,"[1250,1260)",2014,0.4776333423
2014,"[1260,1270)",2014,0.2572503741
2014,"[1270,1280)",2014,0.1948328142
2014,"[1280,1290)",2014,0.3916773413
2014,"[1290,1300)",2014,0.573236942
2014,"[1300,1310)",2014,0.8150885962
2014,"[1310,1320)",2014,0.6264026477
2014,"[1320,1330)",2014,0.3661075328
2014,"[1330,1340)",2014,0.375856948
2014,"[1340,1350)",2014,0.2755212291
2014,"[1350,1360)",2014,0.3501201901
2014,"[1360,1370)",2014,0.1978257692
2014,"[1370,1380)",2014,0.2604621731
2014,"[1380,1390)",2014,0.3877522542
2014,"[1390,1400)",2014,0.3168824882
2014,"[1400,1410)",2014,0.4546405415
2014,"[1410,1420)",2014,0.2815386213
2014,"[1420,1430)",2014,0.152870476
2014,"[1430,1440)",2014,0.3228872613
2014,"[1440,1450)",2014,0.3513481486
2014,"[1450,1460)",2014,0.2102474244
2014,"[1460,1470)",2014,0.1067415846
2014,"[1470,1480)",2014,0.3932822633
2014,"[1480,1490)",2014,0.2968079925
2014,"[1490,1500)",2014,0.5908806829
2015,"[0,10)",2015,0.2730155731
2015,"[10,20)",2015,0.1995561206
2015,"[20,30)",2015,0.1114595286
2015,"[30,40)",2015,0.0696130004
2015,"[40,50)",2015,0.0834139572
2015,"[50,60)",2015,0.0410549372
2015,"[60,70)",2015,0.0116131507
2015,"[70,80)",2015,0.0077565211
2015,"[80,90)",2015,0.0544049875
2015,"[90,100)",2015,0.1487938862
2015,"[100,110)",2015,0.0638092535
2015,"[110,120)",2015,0.0080234302
2015,"[120,130)",2015,0.0035770181
2015,"[130,140)",2015,0.0323618741
2015,"[140,150)",2015,0.3754932623
2015,"[150,160)",2015,0.4229832072
2015,"[160,170)",2015,0.0466212861
2015,"[170,180)",2015,0.0423623932
2015,"[180,190)",2015,0.0789229107
2015,"[190,200)",2015,0.0523230433
2015,"[200,210)",2015,0.0434391769
2015,"[210,220)",2015,0.0093965923
2015,"[220,230)",2015,0.0137568552
2015,"[230,240)",2015,0.1207821353
2015,"[240,250)",2015,0.0201475745
2015,"[250,260)",2015,0.0019697984
2015,"[260,270)",2015,0.0095169014
2015,"[270,280)",2015,0.0037594436
2015,"[280,290)",2015,0
2015,"[290,300)",2015,0.0297645238
2015,"[300,310)",2015,0.0898644629
2015,"[310,320)",2015,0
2015,"[320,330)",2015,0.0014257591
2015,"[330,340)",2015,0.00744045
2015,"[340,350)",2015,0.0139646779
2015,"[350,360)",2015,0.0017911545
2015,"[360,370)",2015,0.0977626999
2015,"[370,380)",2015,0.0526321528
2015,"[380,390)",2015,0.1275032434
2015,"[390,400)",2015,0.0121304069
2015,"[400,410)",2015,0.007760154
2015,"[410,420)",2015,0.0095860812
2015,"[420,430)",2015,0.0468648587
2015,"[430,440)",2015,0.1103265117
2015,"[440,450)",2015,0.0038898632
2015,"[450,460)",2015,0.0015474363
2015,"[460,470)",2015,0.0094207829
2015,"[470,480)",2015,0.0748419849
2015,"[480,490)",2015,0.0802207767
2015,"[490,500)",2015,0.013356944
2015,"[500,510)",2015,0.0163057268
2015,"[510,520)",2015,0.0037605418
2015,"[520,530)",2015,0.0320587289
2015,"[530,540)",2015,0.0226002313
2015,"[540,550)",2015,0.000184039
2015,"[550,560)",2015,0.0027573898
2015,"[560,570)",2015,0.0715372927
2015,"[570,580)",2015,0.0953336602
2015,"[580,590)",2015,0.1996394465
2015,"[590,600)",2015,0.7459220012
2015,"[600,610)",2015,0.968775567
2015,"[610,620)",2015,0.8230634566
2015,"[620,630)",2015,0.4695901235
2015,"[630,640)",2015,0.3313844915
2015,"[640,650)",2015,0.1397329875
2015,"[650,660)",2015,0.1350401626
2015,"[660,670)",2015,0.0195179428
2015,"[670,680)",2015,0.0519938731
2015,"[680,690)",2015,0.0732570021
2015,"[690,700)",2015,0.5122201099
2015,"[700,710)",2015,0.4433609715
2015,"[710,720)",2015,0.0422180776
2015,"[720,730)",2015,0.0945454852
2015,"[730,740)",2015,0.360633956
2015,"[740,750)",2015,0.1421052786
2015,"[750,760)",2015,0.0840868685
2015,"[760,770)",2015,0.0869962846
2015,"[770,780)",2015,0.0564065609
2015,"[780,790)",2015,0.1207232157
2015,"[790,800)",2015,0.1204883898
2015,"[800,810)",2015,0.267842075
2015,"[810,820)",2015,0.1517372992
2015,"[820,830)",2015,0.0218946558
2015,"[830,840)",2015,0.0116076926
2015,"[840,850)",2015,0.1751060072
2015,"[850,860)",2015,0.5634081742
2015,"[860,870)",2015,0.2477881226
2015,"[870,880)",2015,0.0381877341
2015,"[880,890)",2015,0.1382198474
2015,"[890,900)",2015,0.0315719459
2015,"[900,910)",2015,0.0327491614
2015,"[910,920)",2015,0.0885441692
2015,"[920,930)",2015,0.0448154003
2015,"[930,940)",2015,0.0100684622
2015,"[940,950)",2015,0.02257412
2015,"[950,960)",2015,0.0109944107
2015,"[960,970)",2015,0.0161018289
2015,"[970,980)",2015,0.0092025905
2015,"[980,990)",2015,0
2015,"[990,1000)",2015,0.0027702607
2015,"[1000,1010)",2015,0.2528076886
2015,"[1010,1020)",2015,0.3472832764
2015,"[1020,1030)",2015,0.1154600317
2015,"[1030,1040)",2015,0.0318886721
2015,"[1040,1050)",2015,0.0825346801
2015,"[1050,1060)",2015,0.0151017584
2015,"[1060,1070)",2015,0.076792405
2015,"[1070,1080)",2015,0.0508419741
2015,"[1080,1090)",2015,0.0437585852
2015,"[1090,1100)",2015,0.036225131
2015,"[1100,1110)",2015,0.1623971397
2015,"[1110,1120)",2015,0.2524165437
2015,"[1120,1130)",2015,0.0453438704
2015,"[1130,1140)",2015,0.0058350427
2015,"[1140,1150)",2015,0.0191737197
2015,"[1150,1160)",2015,0.0712093433
2015,"[1160,1170)",2015,0.0432234085
2015,"[1170,1180)",2015,0.047454256
2015,"[1180,1190)",2015,0.1070656841
2015,"[1190,1200)",2015,0.1111070363
2015,"[1200,1210)",2015,0.519806613
2015,"[1210,1220)",2015,0.5892001789
2015,"[1220,1230)",2015,0.3514915926
2015,"[1230,1240)",2015,0.109628085
2015,"[1240,1250)",2015,0.3214944807
2015,"[1250,1260)",2015,0.4776333423
2015,"[1260,1270)",2015,0.2585260065
2015,"[1270,1280)",2015,0.1975418461
2015,"[1280,1290)",2015,0.3918725207
2015,"[1290,1300)",2015,0.576950624
2015,"[1300,1310)",2015,0.8158533382
2015,"[1310,1320)",2015,0.6281671043
2015,"[1320,1330)",2015,0.3699273714
2015,"[1330,1340)",2015,0.3811238739
2015,"[1340,1350)",2015,0.2788833435
2015,"[1350,1360)",2015,0.356024935
2015,"[1360,1370)",2015,0.198587924
2015,"[1370,1380)",2015,0.2604621731
2015,"[1380,1390)",2015,0.3895529366
2015,"[1390,1400)",2015,0.3218243562
2015,"[1400,1410)",2015,0.4621344557
2015,"[1410,1420)",2015,0.284398107
2015,"[1420,1430)",2015,0.1546485721
2015,"[1430,1440)",2015,0.3253412437
2015,"[1440,1450)",2015,0.3566567764
2015,"[1450,1460)",2015,0.2182450164
2015,"[1460,1470)",2015,0.1134245403
2015,"[1470,1480)",2015,0.4080416897
2015,"[1480,1490)",2015,0.3142704596
2015,"[1490,1500)",2015,0.5964304667
2016,"[0,10)",2016,0.2730155731
2016,"[10,20)",2016,0.1995561206
2016,"[20,30)",2016,0.1130672368
2016,"[30,40)",2016,0.0696130004
2016,"[40,50)",2016,0.0834139572
2016,"[50,60)",2016,0.0410549372
2016,"[60,70)",2016,0.0116131507
2016,"[70,80)",2016,0.0087295736
2016,"[80,90)",2016,0.0613586889
2016,"[90,100)",2016,0.1541805974
2016,"[100,110)",2016,0.0637070692
2016,"[110,120)",2016,0.0080234302
2016,"[120,130)",2016,0.0035770181
2016,"[130,140)",2016,0.0336344611
2016,"[140,150)",2016,0.3787499877
2016,"[150,160)",2016,0.4247010464
2016,"[160,170)",2016,0.0466212861
2016,"[170,180)",2016,0.0423623932
2016,"[180,190)",2016,0.0789229107
2016,"[190,200)",2016,0.0535618738
2016,"[200,210)",2016,0.0443534062
2016,"[210,220)",2016,0.0093965923
2016,"[220,230)",2016,0.0145755929
2016,"[230,240)",2016,0.1274622043
2016,"[240,250)",2016,0.0221385481
2016,"[250,260)",2016,0.0025701645
2016,"[260,270)",2016,0.0095169014
2016,"[270,280)",2016,0.0037594436
2016,"[280,290)",2016,0
2016,"[290,300)",2016,0.0301345225
2016,"[300,310)",2016,0.0924957725
2016,"[310,320)",2016,0
2016,"[320,330)",2016,0.0014257591
2016,"[330,340)",2016,0.00744045
2016,"[340,350)",2016,0.0139646779
2016,"[350,360)",2016,0.0017911545
2016,"[360,370)",2016,0.0977626999
2016,"[370,380)",2016,0.0526321528
2016,"[380,390)",2016,0.1281072286
2016,"[390,400)",2016,0.0141590219
2016,"[400,410)",2016,0.007760154
2016,"[410,420)",2016,0.0095636191
2016,"[420,430)",2016,0.0470663416
2016,"[430,440)",2016,0.1122457065
2016,"[440,450)",2016,0.0038898632
2016,"[450,460)",2016,0.0015474363
2016,"[460,470)",2016,0.0094207829
2016,"[470,480)",2016,0.0748419849
2016,"[480,490)",2016,0.0802207767
2016,"[490,500)",2016,0.013356944
2016,"[500,510)",2016,0.0163057268
2016,"[510,520)",2016,0.0037605418
2016,"[520,530)",2016,0.0320587289
2016,"[530,540)",2016,0.0226002313
2016,"[540,550)",2016,0.0003657381
2016,"[550,560)",2016,0.0040390157
2016,"[560,570)",2016,0.0760596252
2016,"[570,580)",2016,0.0984010563
2016,"[580,590)",2016,0.2069608451
2016,"[590,600)",2016,0.7592643425
2016,"[600,610)",2016,0.9699628897
2016,"[610,620)",2016,0.824648464
2016,"[620,630)",2016,0.4792836334
2016,"[630,640)",2016,0.3418876909
2016,"[640,650)",2016,0.1454509546
2016,"[650,660)",2016,0.1453431419
2016,"[660,670)",2016,0.0217313904
2016,"[670,680)",2016,0.0591939072
2016,"[680,690)",2016,0.0754880244
2016,"[690,700)",2016,0.5164745275
2016,"[700,710)",2016,0.4489618523
2016,"[710,720)",2016,0.0430662633
2016,"[720,730)",2016,0.0988805834
2016,"[730,740)",2016,0.36993216
2016,"[740,750)",2016,0.1449206858
2016,"[750,760)",2016,0.0912671594
2016,"[760,770)",2016,0.0942364111
2016,"[770,780)",2016,0.0574271319
2016,"[780,790)",2016,0.1254712995
2016,"[790,800)",2016,0.1305048231
2016,"[800,810)",2016,0.2840213735
2016,"[810,820)",2016,0.1662111096
2016,"[820,830)",2016,0.0221254117
2016,"[830,840)",2016,0.0125995214
2016,"[840,850)",2016,0.1847449487
2016,"[850,860)",2016,0.5704287134
2016,"[860,870)",2016,0.2536016327
2016,"[870,880)",2016,0.0392256104
2016,"[880,890)",2016,0.1382198474
2016,"[890,900)",2016,0.0330304712
2016,"[900,910)",2016,0.0362424148
2016,"[910,920)",2016,0.0994707333
2016,"[920,930)",2016,0.0494108296
2016,"[930,940)",2016,0.0100684622
2016,"[940,950)",2016,0.0244256528
2016,"[950,960)",2016,0.0134564668
2016,"[960,970)",2016,0.0161018289
2016,"[970,980)",2016,0.0092025905
2016,"[980,990)",2016,0
2016,"[990,1000)",2016,0.0027702607
2016,"[1000,1010)",2016,0.2560043898
2016,"[1010,1020)",2016,0.3534842669
2016,"[1020,1030)",2016,0.1333145258
2016,"[1030,1040)",2016,0.0397608951
2016,"[1040,1050)",2016,0.0868635795
2016,"[1050,1060)",2016,0.0173139207
2016,"[1060,1070)",2016,0.076792405
2016,"[1070,1080)",2016,0.0520239175
2016,"[1080,1090)",2016,0.0496486254
2016,"[1090,1100)",2016,0.0393059149
2016,"[1100,1110)",2016,0.1637639003
2016,"[1110,1120)",2016,0.2558296549
2016,"[1120,1130)",2016,0.0494415293
2016,"[1130,1140)",2016,0.0058350427
2016,"[1140,1150)",2016,0.0191737197
2016,"[1150,1160)",2016,0.0728984929
2016,"[1160,1170)",2016,0.0444772919
2016,"[1170,1180)",2016,0.0492435074
2016,"[1180,1190)",2016,0.1157799802
2016,"[1190,1200)",2016,0.1196517838
2016,"[1200,1210)",2016,0.5325115294
2016,"[1210,1220)",2016,0.5985150831
2016,"[1220,1230)",2016,0.3585691468
2016,"[1230,1240)",2016,0.1119429662
2016,"[1240,1250)",2016,0.3247184788
2016,"[1250,1260)",2016,0.4809993058
2016,"[1260,1270)",2016,0.2648828172
2016,"[1270,1280)",2016,0.1996085044
2016,"[1280,1290)",2016,0.3977502895
2016,"[1290,1300)",2016,0.5775297692
2016,"[1300,1310)",2016,0.8158533382
2016,"[1310,1320)",2016,0.6316960181
2016,"[1320,1330)",2016,0.3733627831
2016,"[1330,1340)",2016,0.3824890111
2016,"[1340,1350)",2016,0.2804273918
2016,"[1350,1360)",2016,0.3576901375
2016,"[1360,1370)",2016,0.2053797458
2016,"[1370,1380)",2016,0.2661119744
2016,"[1380,1390)",2016,0.3931479369
2016,"[1390,1400)",2016,0.3218243562
2016,"[1400,1410)",2016,0.4631762214
2016,"[1410,1420)",2016,0.2871326043
2016,"[1420,1430)",2016,0.157936511
2016,"[1430,1440)",2016,0.331663197
2016,"[1440,1450)",2016,0.370133791
2016,"[1450,1460)",2016,0.2270497331
2016,"[1460,1470)",2016,0.1160860085
2016,"[1470,1480)",2016,0.4102483242
2016,"[1480,1490)",2016,0.315586471
2016,"[1490,1500)",2016,0.6025215425
2017,"[0,10)",2017,0.2731915179
2017,"[10,20)",2017,0.2013172036
2017,"[20,30)",2017,0.1136026117
2017,"[30,40)",2017,0.0696130004
2017,"[40,50)",2017,0.0843333131
2017,"[50,60)",2017,0.0417778685
2017,"[60,70)",2017,0.0116131507
2017,"[70,80)",2017,0.0087295736
2017,"[80,90)",2017,0.062703945
2017,"[90,100)",2017,0.1608208399
2017,"[100,110)",2017,0.0646245957
2017,"[110,120)",2017,0.0080234302
2017,"[120,130)",2017,0.0035770181
2017,"[130,140)",2017,0.0358193194
2017,"[140,150)",2017,0.3837265049
2017,"[150,160)",2017,0.4247010464
2017,"[160,170)",2017,0.0466212861
2017,"[170,180)",2017,0.0438564012
2017,"[180,190)",2017,0.0830149552
2017,"[190,200)",2017,0.0560387245
2017,"[200,210)",2017,0.0463662394
2017,"[210,220)",2017,0.0093965923
2017,"[220,230)",2017,0.0147782848
2017,"[230,240)",2017,0.1321697584
2017,"[240,250)",2017,0.0227414495
2017,"[250,260)",2017,0.0027645679
2017,"[260,270)",2017,0.0114201419
2017,"[270,280)",2017,0.004355456
2017,"[280,290)",2017,0
2017,"[290,300)",2017,0.030320575
2017,"[300,310)",2017,0.093620159
2017,"[310,320)",2017,0
2017,"[320,330)",2017,0.0014257591
2017,"[330,340)",2017,0.00744045
2017,"[340,350)",2017,0.0139646779
2017,"[350,360)",2017,0.0017911545
2017,"[360,370)",2017,0.0977626999
2017,"[370,380)",2017,0.0526321528
2017,"[380,390)",2017,0.1281072286
2017,"[390,400)",2017,0.0141590219
2017,"[400,410)",2017,0.007760154
2017,"[410,420)",2017,0.0095509447
2017,"[420,430)",2017,0.0514293741
2017,"[430,440)",2017,0.1149810374
2017,"[440,450)",2017,0.0038898632
2017,"[450,460)",2017,0.0015474363
2017,"[460,470)",2017,0.0094207829
2017,"[470,480)",2017,0.0768515692
2017,"[480,490)",2017,0.0810078831
2017,"[490,500)",2017,0.0133318605
2017,"[500,510)",2017,0.0162931405
2017,"[510,520)",2017,0.0037605418
2017,"[520,530)",2017,0.0328918452
2017,"[530,540)",2017,0.0232525746
2017,"[540,550)",2017,0.0003657381
2017,"[550,560)",2017,0.0040390157
2017,"[560,570)",2017,0.0762510643
2017,"[570,580)",2017,0.1003090706
2017,"[580,590)",2017,0.2145218475
2017,"[590,600)",2017,0.7744872164
2017,"[600,610)",2017,0.9707551509
2017,"[610,620)",2017,0.8310008566
2017,"[620,630)",2017,0.4953031677
2017,"[630,640)",2017,0.3580449114
2017,"[640,650)",2017,0.1494062412
2017,"[650,660)",2017,0.1482155218
2017,"[660,670)",2017,0.0217565212
2017,"[670,680)",2017,0.0628565884
2017,"[680,690)",2017,0.0757028044
2017,"[690,700)",2017,0.5182108504
2017,"[700,710)",2017,0.4505661174
2017,"[710,720)",2017,0.0439180788
2017,"[720,730)",2017,0.1001194303
2017,"[730,740)",2017,0.3719583436
2017,"[740,750)",2017,0.1449206858
2017,"[750,760)",2017,0.0933433578
2017,"[760,770)",2017,0.0972607261
2017,"[770,780)",2017,0.0600699715
2017,"[780,790)",2017,0.1347511015
2017,"[790,800)",2017,0.1371691212
2017,"[800,810)",2017,0.2866229485
2017,"[810,820)",2017,0.167021276
2017,"[820,830)",2017,0.0228061851
2017,"[830,840)",2017,0.0175013609
2017,"[840,850)",2017,0.1933433812
2017,"[850,860)",2017,0.5744799347
2017,"[860,870)",2017,0.2554044439
2017,"[870,880)",2017,0.0415437034
2017,"[880,890)",2017,0.1465916095
2017,"[890,900)",2017,0.0370172683
2017,"[900,910)",2017,0.0374544977
2017,"[910,920)",2017,0.1049520108
2017,"[920,930)",2017,0.0525066142
2017,"[930,940)",2017,0.0105147526
2017,"[940,950)",2017,0.0246613011
2017,"[950,960)",2017,0.0134564668
2017,"[960,970)",2017,0.0161018289
2017,"[970,980)",2017,0.0092025905
2017,"[980,990)",2017,0
2017,"[990,1000)",2017,0.0027702607
2017,"[1000,1010)",2017,0.2580822534
2017,"[1010,1020)",2017,0.3583924255
2017,"[1020,1030)",2017,0.1454907029
2017,"[1030,1040)",2017,0.0430714917
2017,"[1040,1050)",2017,0.0868635795
2017,"[1050,1060)",2017,0.0173139207
2017,"[1060,1070)",2017,0.0774280357
2017,"[1070,1080)",2017,0.0572124419
2017,"[1080,1090)",2017,0.05435095
2017,"[1090,1100)",2017,0.0405462229
2017,"[1100,1110)",2017,0.1636269715
2017,"[1110,1120)",2017,0.259248357
2017,"[1120,1130)",2017,0.0513024191
2017,"[1130,1140)",2017,0.0062125221
2017,"[1140,1150)",2017,0.0218089971
2017,"[1150,1160)",2017,0.0766525982
2017,"[1160,1170)",2017,0.0448798536
2017,"[1170,1180)",2017,0.0503981566
2017,"[1180,1190)",2017,0.1254692509
2017,"[1190,1200)",2017,0.1258285986
2017,"[1200,1210)",2017,0.5370276173
2017,"[1210,1220)",2017,0.6014505827
2017,"[1220,1230)",2017,0.3654823849
2017,"[1230,1240)",2017,0.1155041513
2017,"[1240,1250)",2017,0.3268677968
2017,"[1250,1260)",2017,0.4841539858
2017,"[1260,1270)",2017,0.2682800476
2017,"[1270,1280)",2017,0.2101728637
2017,"[1280,1290)",2017,0.4150020744
2017,"[1290,1300)",2017,0.6043266146
2017,"[1300,1310)",2017,0.8312631763
2017,"[1310,1320)",2017,0.6350293821
2017,"[1320,1330)",2017,0.376234657
2017,"[1330,1340)",2017,0.3928347989
2017,"[1340,1350)",2017,0.2874694854
2017,"[1350,1360)",2017,0.3612100099
2017,"[1360,1370)",2017,0.2118031568
2017,"[1370,1380)",2017,0.2697501501
2017,"[1380,1390)",2017,0.4063517618
2017,"[1390,1400)",2017,0.324161295
2017,"[1400,1410)",2017,0.468565334
2017,"[1410,1420)",2017,0.2939349116
2017,"[1420,1430)",2017,0.1680962141
2017,"[1430,1440)",2017,0.3469793824
2017,"[1440,1450)",2017,0.4065046693
2017,"[1450,1460)",2017,0.2571655231
2017,"[1460,1470)",2017,0.1209733607
2017,"[1470,1480)",2017,0.4175168364
2017,"[1480,1490)",2017,0.3242033592
2017,"[1490,1500)",2017,0.6181936718
